16:18:32 Выбор пользователя
16:18:44 Ввод пароля
16:18:46 Ожидание старта прожига
16:44:18 Отсыпка слоя без опускания, текущая позиция стола -50001
16:44:25 Ожидание старта прожига
16:44:37 Отсыпка слоя без опускания, текущая позиция стола -49505
16:44:45 Ожидание старта прожига
16:44:55 Отсыпка слоя без опускания, текущая позиция стола -48999
16:45:03 Ожидание старта прожига
16:45:11 Отсыпка слоя без опускания, текущая позиция стола -48502
16:45:19 Ожидание старта прожига
16:45:26 Отсыпка слоя без опускания, текущая позиция стола -48500
16:45:34 Ожидание старта прожига
16:46:04 Отсыпка слоя без опускания, текущая позиция стола -48450
16:46:12 Ожидание старта прожига
16:46:24 Отсыпка слоя без опускания, текущая позиция стола -48450
16:46:32 Ожидание старта прожига
16:46:54 Отсыпка слоя без опускания, текущая позиция стола -48399
16:47:02 Ожидание старта прожига
20:31:40 Выбор пользователя
20:31:57 Ввод пароля
20:31:58 Ожидание старта прожига
20:42:04 Отсыпка слоя без опускания, текущая позиция стола -48400
20:42:12 Ожидание старта прожига
20:42:45 Отсыпка слоя без опускания, текущая позиция стола -48400
20:42:53 Ожидание старта прожига
20:44:53 Старт  Ноль = -48400
20:44:53 Отсыпка слоя c опусканием, текущая позиция стола -48400
20:45:02 Старт прожига
20:45:02 -48429 3 Прожиг
20:47:06 Отсыпка слоя c опусканием, текущая позиция стола -48430
20:47:15 Старт прожига
20:47:15 -48459 4 Прожиг
20:49:25 Отсыпка слоя c опусканием, текущая позиция стола -48460
20:49:34 Старт прожига
20:49:34 -48489 5 Прожиг
20:51:51 Отсыпка слоя c опусканием, текущая позиция стола -48490
20:52:00 Старт прожига
20:52:00 -48519 6 Прожиг
20:54:17 Отсыпка слоя c опусканием, текущая позиция стола -48520
20:54:26 Старт прожига
20:54:26 -48549 7 Прожиг
20:56:54 Отсыпка слоя c опусканием, текущая позиция стола -48550
20:57:03 Старт прожига
20:57:03 -48579 8 Прожиг
20:59:41 Отсыпка слоя c опусканием, текущая позиция стола -48580
20:59:50 Старт прожига
20:59:50 -48609 9 Прожиг
21:02:24 Отсыпка слоя c опусканием, текущая позиция стола -48610
21:02:33 Старт прожига
21:02:33 -48640 10 Прожиг
21:05:14 Отсыпка слоя c опусканием, текущая позиция стола -48640
21:05:23 Старт прожига
21:05:24 -48670 11 Прожиг
21:07:56 Отсыпка слоя c опусканием, текущая позиция стола -48670
21:08:05 Старт прожига
21:08:05 -48699 12 Прожиг
21:10:46 Отсыпка слоя c опусканием, текущая позиция стола -48700
21:10:55 Старт прожига
21:10:55 -48730 13 Прожиг
21:13:41 Отсыпка слоя c опусканием, текущая позиция стола -48731
21:13:50 Старт прожига
21:13:51 -48759 14 Прожиг
21:16:38 Отсыпка слоя c опусканием, текущая позиция стола -48760
21:16:47 Старт прожига
21:16:47 -48789 15 Прожиг
21:19:38 Отсыпка слоя c опусканием, текущая позиция стола -48790
21:19:47 Старт прожига
21:19:47 -48819 16 Прожиг
21:22:35 Отсыпка слоя c опусканием, текущая позиция стола -48820
21:22:44 Старт прожига
21:22:44 -48849 17 Прожиг
21:25:36 Отсыпка слоя c опусканием, текущая позиция стола -48850
21:25:45 Старт прожига
21:25:45 -48879 18 Прожиг
21:28:37 Отсыпка слоя c опусканием, текущая позиция стола -48880
21:28:46 Старт прожига
21:28:46 -48910 19 Прожиг
21:31:32 Отсыпка слоя c опусканием, текущая позиция стола -48910
21:31:41 Старт прожига
21:31:41 -48940 20 Прожиг
21:34:34 Отсыпка слоя c опусканием, текущая позиция стола -48940
21:34:43 Старт прожига
21:34:43 -48970 21 Прожиг
21:37:32 Отсыпка слоя c опусканием, текущая позиция стола -48970
21:37:41 Старт прожига
21:37:42 -49000 22 Прожиг
21:40:33 Отсыпка слоя c опусканием, текущая позиция стола -49000
21:40:42 Старт прожига
21:40:42 -49030 23 Прожиг
21:43:38 Отсыпка слоя c опусканием, текущая позиция стола -49030
21:43:48 Старт прожига
21:43:48 -49060 24 Прожиг
21:46:35 Отсыпка слоя c опусканием, текущая позиция стола -49060
21:46:44 Старт прожига
21:46:44 -49090 25 Прожиг
21:49:45 Отсыпка слоя c опусканием, текущая позиция стола -49090
21:49:54 Старт прожига
21:49:54 -49120 26 Прожиг
21:52:48 Отсыпка слоя c опусканием, текущая позиция стола -49120
21:52:57 Старт прожига
21:52:57 -49149 27 Прожиг
21:55:42 Отсыпка слоя c опусканием, текущая позиция стола -49150
21:55:51 Старт прожига
21:55:51 -49180 28 Прожиг
21:58:52 Отсыпка слоя c опусканием, текущая позиция стола -49180
21:59:01 Старт прожига
21:59:02 -49209 29 Прожиг
22:01:50 Отсыпка слоя c опусканием, текущая позиция стола -49210
22:01:59 Старт прожига
22:01:59 -49239 30 Прожиг
22:04:47 Отсыпка слоя c опусканием, текущая позиция стола -49240
22:04:56 Старт прожига
22:04:56 -49269 31 Прожиг
22:07:50 Отсыпка слоя c опусканием, текущая позиция стола -49270
22:08:00 Старт прожига
22:08:00 -49300 32 Прожиг
22:10:37 Отсыпка слоя c опусканием, текущая позиция стола -49300
22:10:46 Старт прожига
22:10:47 -49330 33 Прожиг
22:13:35 Отсыпка слоя c опусканием, текущая позиция стола -49330
22:13:44 Старт прожига
22:13:44 -49359 34 Прожиг
22:16:27 Отсыпка слоя c опусканием, текущая позиция стола -49360
22:16:36 Старт прожига
22:16:36 -49390 35 Прожиг
22:19:08 Отсыпка слоя c опусканием, текущая позиция стола -49390
22:19:17 Старт прожига
22:19:17 -49419 36 Прожиг
22:22:09 Отсыпка слоя c опусканием, текущая позиция стола -49420
22:22:18 Старт прожига
22:22:18 -49449 37 Прожиг
22:25:01 Отсыпка слоя c опусканием, текущая позиция стола -49450
22:25:10 Старт прожига
22:25:10 -49479 38 Прожиг
22:27:42 Отсыпка слоя c опусканием, текущая позиция стола -49480
22:27:52 Старт прожига
22:27:52 -49509 39 Прожиг
22:30:49 Отсыпка слоя c опусканием, текущая позиция стола -49510
22:30:58 Старт прожига
22:30:58 -49539 40 Прожиг
22:33:42 Отсыпка слоя c опусканием, текущая позиция стола -49540
22:33:51 Старт прожига
22:33:51 -49570 41 Прожиг
22:36:42 Отсыпка слоя c опусканием, текущая позиция стола -49570
22:36:51 Старт прожига
22:36:51 -49600 42 Прожиг
22:39:48 Отсыпка слоя c опусканием, текущая позиция стола -49600
22:39:57 Старт прожига
22:39:57 -49630 43 Прожиг
22:42:35 Отсыпка слоя c опусканием, текущая позиция стола -49630
22:42:44 Старт прожига
22:42:44 -49659 44 Прожиг
22:45:38 Отсыпка слоя c опусканием, текущая позиция стола -49660
22:45:47 Старт прожига
22:45:47 -49690 45 Прожиг
22:48:31 Отсыпка слоя c опусканием, текущая позиция стола -49690
22:48:40 Старт прожига
22:48:40 -49720 46 Прожиг
22:51:13 Отсыпка слоя c опусканием, текущая позиция стола -49720
22:51:22 Старт прожига
22:51:22 -49750 47 Прожиг
22:54:15 Отсыпка слоя c опусканием, текущая позиция стола -49750
22:54:24 Старт прожига
22:54:25 -49780 48 Прожиг
22:57:07 Отсыпка слоя c опусканием, текущая позиция стола -49780
22:57:17 Старт прожига
22:57:17 -49809 49 Прожиг
22:59:46 Отсыпка слоя c опусканием, текущая позиция стола -49810
22:59:55 Старт прожига
22:59:55 -49839 50 Прожиг
23:02:48 Отсыпка слоя c опусканием, текущая позиция стола -49840
23:02:57 Старт прожига
23:02:57 -49870 51 Прожиг
23:05:36 Отсыпка слоя c опусканием, текущая позиция стола -49870
23:05:45 Старт прожига
23:05:45 -49900 52 Прожиг
23:08:35 Отсыпка слоя c опусканием, текущая позиция стола -49900
23:08:43 Старт прожига
23:08:43 -49929 53 Прожиг
23:11:36 Отсыпка слоя c опусканием, текущая позиция стола -49930
23:11:45 Старт прожига
23:11:46 -49960 54 Прожиг
23:14:27 Отсыпка слоя c опусканием, текущая позиция стола -49960
23:14:36 Старт прожига
23:14:36 -49989 55 Прожиг
23:17:37 Отсыпка слоя c опусканием, текущая позиция стола -49990
23:17:46 Старт прожига
23:17:46 -50020 56 Прожиг
23:20:40 Отсыпка слоя c опусканием, текущая позиция стола -50020
23:20:49 Старт прожига
23:20:49 -50049 57 Прожиг
23:23:38 Отсыпка слоя c опусканием, текущая позиция стола -50050
23:23:47 Старт прожига
23:23:47 -50081 58 Прожиг
23:26:48 Отсыпка слоя c опусканием, текущая позиция стола -50081
23:26:57 Старт прожига
23:26:57 -50109 59 Прожиг
23:29:49 Отсыпка слоя c опусканием, текущая позиция стола -50110
23:29:59 Старт прожига
23:29:59 -50139 60 Прожиг
23:32:49 Отсыпка слоя c опусканием, текущая позиция стола -50140
23:32:58 Старт прожига
23:32:58 -50169 61 Прожиг
23:35:54 Отсыпка слоя c опусканием, текущая позиция стола -50170
23:36:03 Старт прожига
23:36:03 -50200 62 Прожиг
23:38:53 Отсыпка слоя c опусканием, текущая позиция стола -50200
23:39:02 Старт прожига
23:39:02 -50229 63 Прожиг
23:41:56 Отсыпка слоя c опусканием, текущая позиция стола -50230
23:42:05 Старт прожига
23:42:05 -50260 64 Прожиг
23:44:59 Отсыпка слоя c опусканием, текущая позиция стола -50260
23:45:08 Старт прожига
23:45:08 -50289 65 Прожиг
23:47:57 Отсыпка слоя c опусканием, текущая позиция стола -50290
23:48:06 Старт прожига
23:48:07 -50320 66 Прожиг
23:51:01 Отсыпка слоя c опусканием, текущая позиция стола -50320
23:51:10 Старт прожига
23:51:10 -50349 67 Прожиг
23:54:03 Отсыпка слоя c опусканием, текущая позиция стола -50350
23:54:12 Старт прожига
23:54:12 -50380 68 Прожиг
23:57:06 Отсыпка слоя c опусканием, текущая позиция стола -50380
23:57:15 Старт прожига
23:57:15 -50409 69 Прожиг
00:00:03 Отсыпка слоя c опусканием, текущая позиция стола -50410
00:00:13 Старт прожига
00:00:13 -50439 70 Прожиг
00:03:01 Отсыпка слоя c опусканием, текущая позиция стола -50440
00:03:10 Старт прожига
00:03:10 -50470 71 Прожиг
00:05:49 Отсыпка слоя c опусканием, текущая позиция стола -50470
00:05:58 Старт прожига
00:05:58 -50499 72 Прожиг
00:08:41 Отсыпка слоя c опусканием, текущая позиция стола -50500
00:08:50 Старт прожига
00:08:50 -50529 73 Прожиг
00:11:36 Отсыпка слоя c опусканием, текущая позиция стола -50530
00:11:45 Старт прожига
00:11:46 -50560 74 Прожиг
00:14:21 Отсыпка слоя c опусканием, текущая позиция стола -50560
00:14:30 Старт прожига
00:14:30 -50590 75 Прожиг
00:17:14 Отсыпка слоя c опусканием, текущая позиция стола -50590
00:17:23 Старт прожига
00:17:23 -50620 76 Прожиг
00:20:09 Отсыпка слоя c опусканием, текущая позиция стола -50620
00:20:18 Старт прожига
00:20:18 -50650 77 Прожиг
00:22:55 Отсыпка слоя c опусканием, текущая позиция стола -50650
00:23:04 Старт прожига
00:23:04 -50679 78 Прожиг
00:25:47 Отсыпка слоя c опусканием, текущая позиция стола -50680
00:25:56 Старт прожига
00:25:56 -50709 79 Прожиг
00:28:40 Отсыпка слоя c опусканием, текущая позиция стола -50710
00:28:49 Старт прожига
00:28:49 -50739 80 Прожиг
00:31:26 Отсыпка слоя c опусканием, текущая позиция стола -50740
00:31:35 Старт прожига
00:31:35 -50769 81 Прожиг
00:34:16 Отсыпка слоя c опусканием, текущая позиция стола -50770
00:34:26 Старт прожига
00:34:26 -50799 82 Прожиг
00:36:57 Отсыпка слоя c опусканием, текущая позиция стола -50800
00:37:06 Старт прожига
00:37:06 -50830 83 Прожиг
00:39:43 Отсыпка слоя c опусканием, текущая позиция стола -50830
00:39:52 Старт прожига
00:39:52 -50859 84 Прожиг
00:42:34 Отсыпка слоя c опусканием, текущая позиция стола -50860
00:42:43 Старт прожига
00:42:43 -50890 85 Прожиг
00:45:16 Отсыпка слоя c опусканием, текущая позиция стола -50890
00:45:25 Старт прожига
00:45:25 -50920 86 Прожиг
00:48:06 Отсыпка слоя c опусканием, текущая позиция стола -50920
00:48:15 Старт прожига
00:48:15 -50949 87 Прожиг
00:50:59 Отсыпка слоя c опусканием, текущая позиция стола -50950
00:51:08 Старт прожига
00:51:08 -50979 88 Прожиг
00:53:45 Отсыпка слоя c опусканием, текущая позиция стола -50980
00:53:55 Старт прожига
00:53:55 -51010 89 Прожиг
00:56:37 Отсыпка слоя c опусканием, текущая позиция стола -51010
00:56:46 Старт прожига
00:56:46 -51040 90 Прожиг
00:59:18 Отсыпка слоя c опусканием, текущая позиция стола -51040
00:59:27 Старт прожига
00:59:28 -51070 91 Прожиг
01:02:07 Отсыпка слоя c опусканием, текущая позиция стола -51070
01:02:16 Старт прожига
01:02:16 -51099 92 Прожиг
01:05:02 Отсыпка слоя c опусканием, текущая позиция стола -51100
01:05:11 Старт прожига
01:05:12 -51130 93 Прожиг
01:07:48 Отсыпка слоя c опусканием, текущая позиция стола -51130
01:07:57 Старт прожига
01:07:57 -51160 94 Прожиг
01:10:43 Отсыпка слоя c опусканием, текущая позиция стола -51160
01:10:52 Старт прожига
01:10:52 -51189 95 Прожиг
01:13:39 Отсыпка слоя c опусканием, текущая позиция стола -51190
01:13:48 Старт прожига
01:13:48 -51220 96 Прожиг
01:16:31 Отсыпка слоя c опусканием, текущая позиция стола -51220
01:16:41 Старт прожига
01:16:41 -51250 97 Прожиг
01:19:30 Отсыпка слоя c опусканием, текущая позиция стола -51250
01:19:39 Старт прожига
01:19:39 -51280 98 Прожиг
01:22:32 Отсыпка слоя c опусканием, текущая позиция стола -51280
01:22:41 Старт прожига
01:22:41 -51310 99 Прожиг
01:25:34 Отсыпка слоя c опусканием, текущая позиция стола -51310
01:25:43 Старт прожига
01:25:43 -51339 100 Прожиг
01:28:36 Отсыпка слоя c опусканием, текущая позиция стола -51340
01:28:45 Старт прожига
01:28:45 -51370 101 Прожиг
01:31:36 Отсыпка слоя c опусканием, текущая позиция стола -51370
01:31:45 Старт прожига
01:31:45 -51399 102 Прожиг
01:34:40 Отсыпка слоя c опусканием, текущая позиция стола -51400
01:34:49 Старт прожига
01:34:49 -51430 103 Прожиг
01:37:38 Отсыпка слоя c опусканием, текущая позиция стола -51430
01:37:47 -51459 104 Прожиг
01:40:43 Отсыпка слоя c опусканием, текущая позиция стола -51460
01:40:52 Старт прожига
01:40:52 -51490 105 Прожиг
01:43:44 Отсыпка слоя c опусканием, текущая позиция стола -51489
01:43:53 Старт прожига
01:43:53 -51520 106 Прожиг
01:46:40 Отсыпка слоя c опусканием, текущая позиция стола -51520
01:46:49 Старт прожига
01:46:49 -51550 107 Прожиг
01:49:50 Отсыпка слоя c опусканием, текущая позиция стола -51550
01:49:59 Старт прожига
01:49:59 -51580 108 Прожиг
01:52:56 Отсыпка слоя c опусканием, текущая позиция стола -51580
01:53:05 Старт прожига
01:53:05 -51610 109 Прожиг
01:55:53 Отсыпка слоя c опусканием, текущая позиция стола -51610
01:56:02 Старт прожига
01:56:02 -51640 110 Прожиг
01:59:06 Отсыпка слоя c опусканием, текущая позиция стола -51640
01:59:15 Старт прожига
01:59:15 -51670 111 Прожиг
02:02:05 Отсыпка слоя c опусканием, текущая позиция стола -51670
02:02:14 Старт прожига
02:02:14 -51700 112 Прожиг
02:05:09 Отсыпка слоя c опусканием, текущая позиция стола -51700
02:05:19 Старт прожига
02:05:19 -51730 113 Прожиг
02:08:14 Отсыпка слоя c опусканием, текущая позиция стола -51730
02:08:23 Старт прожига
02:08:23 -51760 114 Прожиг
02:11:01 Отсыпка слоя c опусканием, текущая позиция стола -51760
02:11:10 Старт прожига
02:11:10 -51789 115 Прожиг
02:14:04 Отсыпка слоя c опусканием, текущая позиция стола -51790
02:14:13 Старт прожига
02:14:13 -51819 116 Прожиг
02:16:51 Отсыпка слоя c опусканием, текущая позиция стола -51820
02:17:00 Старт прожига
02:17:01 -51850 117 Прожиг
02:19:31 Отсыпка слоя c опусканием, текущая позиция стола -51850
02:19:40 Старт прожига
02:19:41 -51880 118 Прожиг
02:22:33 Отсыпка слоя c опусканием, текущая позиция стола -51880
02:22:42 Старт прожига
02:22:42 -51910 119 Прожиг
02:25:20 Отсыпка слоя c опусканием, текущая позиция стола -51910
02:25:29 Старт прожига
02:25:29 -51940 120 Прожиг
02:28:13 Отсыпка слоя c опусканием, текущая позиция стола -51940
02:28:22 Старт прожига
02:28:23 -51970 121 Прожиг
02:31:16 Отсыпка слоя c опусканием, текущая позиция стола -51970
02:31:25 Старт прожига
02:31:26 -52000 122 Прожиг
02:34:03 Отсыпка слоя c опусканием, текущая позиция стола -52000
02:34:12 Старт прожига
02:34:12 -52030 123 Прожиг
02:37:04 Отсыпка слоя c опусканием, текущая позиция стола -52031
02:37:13 Старт прожига
02:37:13 -52060 124 Прожиг
02:40:01 Отсыпка слоя c опусканием, текущая позиция стола -52060
02:40:10 Старт прожига
02:40:10 -52090 125 Прожиг
02:42:45 Отсыпка слоя c опусканием, текущая позиция стола -52090
02:42:54 Старт прожига
02:42:54 -52120 126 Прожиг
02:45:51 Отсыпка слоя c опусканием, текущая позиция стола -52120
02:46:00 Старт прожига
02:46:00 -52150 127 Прожиг
02:48:46 Отсыпка слоя c опусканием, текущая позиция стола -52150
02:48:55 Старт прожига
02:48:55 -52180 128 Прожиг
02:51:27 Отсыпка слоя c опусканием, текущая позиция стола -52180
02:51:36 Старт прожига
02:51:36 -52209 129 Прожиг
02:54:31 Отсыпка слоя c опусканием, текущая позиция стола -52210
02:54:40 Старт прожига
02:54:40 -52239 130 Прожиг
02:57:19 Отсыпка слоя c опусканием, текущая позиция стола -52240
02:57:28 Старт прожига
02:57:28 -52270 131 Прожиг
03:00:16 Отсыпка слоя c опусканием, текущая позиция стола -52270
03:00:25 Старт прожига
03:00:25 -52300 132 Прожиг
03:03:17 Отсыпка слоя c опусканием, текущая позиция стола -52300
03:03:26 Старт прожига
03:03:26 -52329 133 Прожиг
03:06:03 Отсыпка слоя c опусканием, текущая позиция стола -52330
03:06:12 Старт прожига
03:06:12 -52359 134 Прожиг
03:09:05 Отсыпка слоя c опусканием, текущая позиция стола -52360
03:09:14 Старт прожига
03:09:14 -52390 135 Прожиг
03:11:59 Отсыпка слоя c опусканием, текущая позиция стола -52390
03:12:08 Старт прожига
03:12:08 -52420 136 Прожиг
03:14:45 Отсыпка слоя c опусканием, текущая позиция стола -52420
03:14:54 Старт прожига
03:14:54 -52450 137 Прожиг
03:17:54 Отсыпка слоя c опусканием, текущая позиция стола -52450
03:18:03 Старт прожига
03:18:03 -52480 138 Прожиг
03:20:57 Отсыпка слоя c опусканием, текущая позиция стола -52480
03:21:06 Старт прожига
03:21:06 -52510 139 Прожиг
03:23:51 Отсыпка слоя c опусканием, текущая позиция стола -52510
03:24:00 Старт прожига
03:24:01 -52540 140 Прожиг
03:27:06 Отсыпка слоя c опусканием, текущая позиция стола -52540
03:27:15 Старт прожига
03:27:15 -52570 141 Прожиг
03:30:08 Отсыпка слоя c опусканием, текущая позиция стола -52570
03:30:18 Старт прожига
03:30:18 -52600 142 Прожиг
03:33:14 Отсыпка слоя c опусканием, текущая позиция стола -52600
03:33:23 Старт прожига
03:33:23 -52630 143 Прожиг
03:36:19 Отсыпка слоя c опусканием, текущая позиция стола -52630
03:36:28 Старт прожига
03:36:28 -52660 144 Прожиг
03:39:15 Отсыпка слоя c опусканием, текущая позиция стола -52660
03:39:24 Старт прожига
03:39:25 -52690 145 Прожиг
03:42:19 Отсыпка слоя c опусканием, текущая позиция стола -52690
03:42:28 Старт прожига
03:42:29 -52720 146 Прожиг
03:45:19 Отсыпка слоя c опусканием, текущая позиция стола -52720
03:45:28 Старт прожига
03:45:28 -52750 147 Прожиг
03:48:16 Отсыпка слоя c опусканием, текущая позиция стола -52750
03:48:25 Старт прожига
03:48:25 -52778 148 Прожиг
03:51:20 Отсыпка слоя c опусканием, текущая позиция стола -52780
03:51:29 Старт прожига
03:51:29 -52810 149 Прожиг
03:54:21 Отсыпка слоя c опусканием, текущая позиция стола -52810
03:54:30 Старт прожига
03:54:30 -52839 150 Прожиг
03:57:20 Отсыпка слоя c опусканием, текущая позиция стола -52840
03:57:30 Старт прожига
03:57:30 -52870 151 Прожиг
04:00:25 Отсыпка слоя c опусканием, текущая позиция стола -52870
04:00:34 Старт прожига
04:00:35 -52900 152 Прожиг
04:03:27 Отсыпка слоя c опусканием, текущая позиция стола -52900
04:03:36 Старт прожига
04:03:37 -52930 153 Прожиг
04:06:21 Отсыпка слоя c опусканием, текущая позиция стола -52930
04:06:30 Старт прожига
04:06:30 -52960 154 Прожиг
04:09:18 Отсыпка слоя c опусканием, текущая позиция стола -52960
04:09:27 Старт прожига
04:09:27 -52990 155 Прожиг
04:12:15 Отсыпка слоя c опусканием, текущая позиция стола -52990
04:12:24 Старт прожига
04:12:24 -53021 156 Прожиг
04:15:02 Отсыпка слоя c опусканием, текущая позиция стола -53021
04:15:11 Старт прожига
04:15:12 -53050 157 Прожиг
04:17:54 Отсыпка слоя c опусканием, текущая позиция стола -53050
04:18:03 Старт прожига
04:18:03 -53079 158 Прожиг
04:20:48 Отсыпка слоя c опусканием, текущая позиция стола -53080
04:20:57 Старт прожига
04:20:57 -53110 159 Прожиг
04:23:35 Отсыпка слоя c опусканием, текущая позиция стола -53110
04:23:45 Старт прожига
04:23:45 -53140 160 Прожиг
04:26:28 Отсыпка слоя c опусканием, текущая позиция стола -53140
04:26:37 Старт прожига
04:26:37 -53169 161 Прожиг
04:29:10 Отсыпка слоя c опусканием, текущая позиция стола -53170
04:29:19 Старт прожига
04:29:19 -53200 162 Прожиг
04:31:58 Отсыпка слоя c опусканием, текущая позиция стола -53200
04:32:07 Старт прожига
04:32:07 -53229 163 Прожиг
04:34:51 Отсыпка слоя c опусканием, текущая позиция стола -53230
04:35:00 Старт прожига
04:35:00 -53260 164 Прожиг
04:37:33 Отсыпка слоя c опусканием, текущая позиция стола -53260
04:37:42 Старт прожига
04:37:43 -53289 165 Прожиг
04:40:22 Отсыпка слоя c опусканием, текущая позиция стола -53289
04:40:31 Старт прожига
04:40:31 -53320 166 Прожиг
04:43:13 Отсыпка слоя c опусканием, текущая позиция стола -53320
04:43:23 Старт прожига
04:43:23 -53350 167 Прожиг
04:45:58 Отсыпка слоя c опусканием, текущая позиция стола -53350
04:46:07 Старт прожига
04:46:07 -53380 168 Прожиг
04:48:48 Отсыпка слоя c опусканием, текущая позиция стола -53380
04:48:57 Старт прожига
04:48:57 -53409 169 Прожиг
04:51:40 Отсыпка слоя c опусканием, текущая позиция стола -53409
04:51:49 Старт прожига
04:51:49 -53440 170 Прожиг
04:54:27 Отсыпка слоя c опусканием, текущая позиция стола -53440
04:54:36 Старт прожига
04:54:36 -53469 171 Прожиг
04:57:19 Отсыпка слоя c опусканием, текущая позиция стола -53470
04:57:28 Старт прожига
04:57:28 -53500 172 Прожиг
05:00:01 Отсыпка слоя c опусканием, текущая позиция стола -53500
05:00:10 Старт прожига
05:00:10 -53529 173 Прожиг
05:02:50 Отсыпка слоя c опусканием, текущая позиция стола -53530
05:02:59 Старт прожига
05:02:59 -53560 174 Прожиг
05:05:44 Отсыпка слоя c опусканием, текущая позиция стола -53560
05:05:53 Старт прожига
05:05:53 -53590 175 Прожиг
05:08:28 Отсыпка слоя c опусканием, текущая позиция стола -53590
05:08:37 Старт прожига
05:08:37 -53619 176 Прожиг
05:11:20 Отсыпка слоя c опусканием, текущая позиция стола -53620
05:11:29 Старт прожига
05:11:29 -53650 177 Прожиг
05:14:15 Отсыпка слоя c опусканием, текущая позиция стола -53650
05:14:24 Старт прожига
05:14:24 -53679 178 Прожиг
05:17:04 Отсыпка слоя c опусканием, текущая позиция стола -53680
05:17:14 Старт прожига
05:17:14 -53709 179 Прожиг
05:19:59 Отсыпка слоя c опусканием, текущая позиция стола -53710
05:20:08 Старт прожига
05:20:08 -53740 180 Прожиг
05:22:48 Отсыпка слоя c опусканием, текущая позиция стола -53740
05:22:57 Старт прожига
05:22:57 -53770 181 Прожиг
05:25:49 Отсыпка слоя c опусканием, текущая позиция стола -53770
05:25:58 Старт прожига
05:25:58 -53800 182 Прожиг
05:28:48 Отсыпка слоя c опусканием, текущая позиция стола -53800
05:28:57 Старт прожига
05:28:57 -53829 183 Прожиг
05:31:47 Отсыпка слоя c опусканием, текущая позиция стола -53830
05:31:56 Старт прожига
05:31:56 -53860 184 Прожиг
05:34:46 Отсыпка слоя c опусканием, текущая позиция стола -53860
05:34:55 Старт прожига
05:34:55 -53891 185 Прожиг
05:37:41 Отсыпка слоя c опусканием, текущая позиция стола -53891
05:37:50 Старт прожига
05:37:50 -53920 186 Прожиг
05:40:42 Отсыпка слоя c опусканием, текущая позиция стола -53920
05:40:51 Старт прожига
05:40:51 -53950 187 Прожиг
05:43:39 Отсыпка слоя c опусканием, текущая позиция стола -53950
05:43:48 Старт прожига
05:43:48 -53980 188 Прожиг
05:46:32 Отсыпка слоя c опусканием, текущая позиция стола -53980
05:46:41 Старт прожига
05:46:41 -54010 189 Прожиг
05:49:36 Отсыпка слоя c опусканием, текущая позиция стола -54010
05:49:46 Старт прожига
05:49:46 -54040 190 Прожиг
05:52:36 Отсыпка слоя c опусканием, текущая позиция стола -54040
05:52:45 Старт прожига
05:52:45 -54069 191 Прожиг
05:55:41 Отсыпка слоя c опусканием, текущая позиция стола -54070
05:55:50 Старт прожига
05:55:50 -54100 192 Прожиг
05:58:50 Отсыпка слоя c опусканием, текущая позиция стола -54100
05:59:00 Старт прожига
05:59:00 -54130 193 Прожиг
06:01:50 Отсыпка слоя c опусканием, текущая позиция стола -54130
06:01:59 Старт прожига
06:01:59 -54160 194 Прожиг
06:04:59 Отсыпка слоя c опусканием, текущая позиция стола -54160
06:05:08 Старт прожига
06:05:08 -54190 195 Прожиг
06:07:57 Отсыпка слоя c опусканием, текущая позиция стола -54190
06:08:07 Старт прожига
06:08:07 -54220 196 Прожиг
06:10:45 Отсыпка слоя c опусканием, текущая позиция стола -54220
06:10:54 Старт прожига
06:10:54 -54250 197 Прожиг
06:13:50 Отсыпка слоя c опусканием, текущая позиция стола -54250
06:13:59 Старт прожига
06:13:59 -54280 198 Прожиг
06:16:44 Отсыпка слоя c опусканием, текущая позиция стола -54280
06:16:53 Старт прожига
06:16:53 -54310 199 Прожиг
06:19:22 Отсыпка слоя c опусканием, текущая позиция стола -54310
06:19:31 Старт прожига
06:19:31 -54340 200 Прожиг
06:22:22 Отсыпка слоя c опусканием, текущая позиция стола -54340
06:22:32 Старт прожига
06:22:32 -54369 201 Прожиг
06:25:09 Отсыпка слоя c опусканием, текущая позиция стола -54370
06:25:18 Старт прожига
06:25:18 -54400 202 Прожиг
06:28:03 Отсыпка слоя c опусканием, текущая позиция стола -54400
06:28:13 Старт прожига
06:28:13 -54429 203 Прожиг
06:31:02 Отсыпка слоя c опусканием, текущая позиция стола -54429
06:31:11 Старт прожига
06:31:11 -54460 204 Прожиг
06:33:48 Отсыпка слоя c опусканием, текущая позиция стола -54460
06:33:57 Старт прожига
06:33:57 -54489 205 Прожиг
06:36:50 Отсыпка слоя c опусканием, текущая позиция стола -54490
06:36:59 Старт прожига
06:36:59 -54520 206 Прожиг
06:39:42 Отсыпка слоя c опусканием, текущая позиция стола -54520
06:39:51 Старт прожига
06:39:51 -54550 207 Прожиг
06:42:26 Отсыпка слоя c опусканием, текущая позиция стола -54550
06:42:35 Старт прожига
06:42:35 -54580 208 Прожиг
06:45:33 Отсыпка слоя c опусканием, текущая позиция стола -54580
06:45:42 Старт прожига
06:45:42 -54609 209 Прожиг
06:48:27 Отсыпка слоя c опусканием, текущая позиция стола -54610
06:48:36 Старт прожига
06:48:36 -54639 210 Прожиг
06:51:21 Отсыпка слоя c опусканием, текущая позиция стола -54640
06:51:30 Старт прожига
06:51:30 -54670 211 Прожиг
06:54:24 Отсыпка слоя c опусканием, текущая позиция стола -54670
06:54:34 Старт прожига
06:54:34 -54700 212 Прожиг
06:57:12 Отсыпка слоя c опусканием, текущая позиция стола -54700
06:57:21 Старт прожига
06:57:21 -54730 213 Прожиг
07:00:09 Отсыпка слоя c опусканием, текущая позиция стола -54730
07:00:18 Старт прожига
07:00:18 -54760 214 Прожиг
07:03:01 Отсыпка слоя c опусканием, текущая позиция стола -54760
07:03:10 Старт прожига
07:03:10 -54789 215 Прожиг
07:05:42 Отсыпка слоя c опусканием, текущая позиция стола -54790
07:05:51 Старт прожига
07:05:51 -54820 216 Прожиг
07:08:43 Отсыпка слоя c опусканием, текущая позиция стола -54820
07:08:52 Старт прожига
07:08:52 -54850 217 Прожиг
07:11:36 Отсыпка слоя c опусканием, текущая позиция стола -54850
07:11:45 Старт прожига
07:11:45 -54880 218 Прожиг
07:14:16 Отсыпка слоя c опусканием, текущая позиция стола -54880
07:14:25 Старт прожига
07:14:25 -54910 219 Прожиг
07:17:21 Отсыпка слоя c опусканием, текущая позиция стола -54910
07:17:31 Старт прожига
07:17:31 -54940 220 Прожиг
07:20:16 Отсыпка слоя c опусканием, текущая позиция стола -54940
07:20:25 Старт прожига
07:20:25 -54969 221 Прожиг
07:23:19 Отсыпка слоя c опусканием, текущая позиция стола -54970
07:23:28 Старт прожига
07:23:28 -54999 222 Прожиг
07:26:29 Отсыпка слоя c опусканием, текущая позиция стола -55000
07:26:38 Старт прожига
07:26:38 -55029 223 Прожиг
07:29:30 Отсыпка слоя c опусканием, текущая позиция стола -55030
07:29:39 Старт прожига
07:29:39 -55059 224 Прожиг
07:32:41 Отсыпка слоя c опусканием, текущая позиция стола -55060
07:32:50 Старт прожига
07:32:50 -55089 225 Прожиг
07:35:42 Отсыпка слоя c опусканием, текущая позиция стола -55090
07:35:51 Старт прожига
07:35:51 -55119 226 Прожиг
07:38:37 Отсыпка слоя c опусканием, текущая позиция стола -55120
07:38:46 Старт прожига
07:38:46 -55150 227 Прожиг
07:41:41 Отсыпка слоя c опусканием, текущая позиция стола -55150
07:41:50 Старт прожига
07:41:50 -55179 228 Прожиг
07:44:41 Отсыпка слоя c опусканием, текущая позиция стола -55180
07:44:50 Старт прожига
07:44:50 -55210 229 Прожиг
07:47:35 Отсыпка слоя c опусканием, текущая позиция стола -55210
07:47:44 Старт прожига
07:47:44 -55240 230 Прожиг
07:50:37 Отсыпка слоя c опусканием, текущая позиция стола -55240
07:50:46 Старт прожига
07:50:46 -55270 231 Прожиг
07:53:35 Отсыпка слоя c опусканием, текущая позиция стола -55270
07:53:44 Старт прожига
07:53:44 -55300 232 Прожиг
07:56:32 Отсыпка слоя c опусканием, текущая позиция стола -55300
07:56:41 Старт прожига
07:56:42 -55329 233 Прожиг
07:59:32 Отсыпка слоя c опусканием, текущая позиция стола -55330
07:59:41 Старт прожига
07:59:41 -55360 234 Прожиг
08:02:31 Отсыпка слоя c опусканием, текущая позиция стола -55360
08:02:40 Старт прожига
08:02:40 -55390 235 Прожиг
08:05:30 Отсыпка слоя c опусканием, текущая позиция стола -55390
08:05:39 Старт прожига
08:05:39 -55420 236 Прожиг
08:08:25 Отсыпка слоя c опусканием, текущая позиция стола -55420
08:08:34 Старт прожига
08:08:34 -55450 237 Прожиг
08:11:21 Отсыпка слоя c опусканием, текущая позиция стола -55450
08:11:30 Старт прожига
08:11:30 -55480 238 Прожиг
08:14:08 Отсыпка слоя c опусканием, текущая позиция стола -55480
08:14:18 Старт прожига
08:14:18 -55509 239 Прожиг
08:16:59 Отсыпка слоя c опусканием, текущая позиция стола -55510
08:17:08 Старт прожига
08:17:08 -55540 240 Прожиг
08:19:40 Отсыпка слоя c опусканием, текущая позиция стола -55541
08:19:49 Старт прожига
08:19:49 -55570 241 Прожиг
08:22:26 Отсыпка слоя c опусканием, текущая позиция стола -55570
08:22:35 Старт прожига
08:22:35 -55601 242 Прожиг
08:25:16 Отсыпка слоя c опусканием, текущая позиция стола -55601
08:25:26 Старт прожига
08:25:26 -55630 243 Прожиг
08:27:56 Отсыпка слоя c опусканием, текущая позиция стола -55630
08:28:05 Старт прожига
08:28:05 -55660 244 Прожиг
08:30:44 Отсыпка слоя c опусканием, текущая позиция стола -55660
08:30:53 Старт прожига
08:30:53 -55690 245 Прожиг
08:33:34 Отсыпка слоя c опусканием, текущая позиция стола -55690
08:33:44 Старт прожига
08:33:44 -55720 246 Прожиг
08:36:15 Отсыпка слоя c опусканием, текущая позиция стола -55720
08:36:24 Старт прожига
08:36:24 -55749 247 Прожиг
08:39:01 Отсыпка слоя c опусканием, текущая позиция стола -55749
08:39:11 Старт прожига
08:39:11 -55780 248 Прожиг
08:41:52 Отсыпка слоя c опусканием, текущая позиция стола -55780
08:42:01 Старт прожига
08:42:01 -55810 249 Прожиг
08:44:35 Отсыпка слоя c опусканием, текущая позиция стола -55810
08:44:44 Старт прожига
08:44:45 -55840 250 Прожиг
08:47:23 Отсыпка слоя c опусканием, текущая позиция стола -55840
08:47:32 Старт прожига
08:47:32 -55870 251 Прожиг
08:50:02 Отсыпка слоя c опусканием, текущая позиция стола -55870
08:50:11 Старт прожига
08:50:11 -55900 252 Прожиг
08:52:47 Отсыпка слоя c опусканием, текущая позиция стола -55900
08:52:56 Старт прожига
08:52:56 -55930 253 Прожиг
08:55:38 Отсыпка слоя c опусканием, текущая позиция стола -55930
08:55:47 Старт прожига
08:55:47 -55961 254 Прожиг
08:58:18 Отсыпка слоя c опусканием, текущая позиция стола -55961
08:58:27 Старт прожига
08:58:27 -55989 255 Прожиг
09:01:08 Отсыпка слоя c опусканием, текущая позиция стола -55990
09:01:17 Старт прожига
09:01:17 -56020 256 Прожиг
09:04:01 Отсыпка слоя c опусканием, текущая позиция стола -56020
09:04:10 Старт прожига
09:04:10 -56049 257 Прожиг
09:06:45 Отсыпка слоя c опусканием, текущая позиция стола -56050
09:06:54 Старт прожига
09:06:54 -56080 258 Прожиг
09:09:38 Отсыпка слоя c опусканием, текущая позиция стола -56080
09:09:47 Старт прожига
09:09:47 -56110 259 Прожиг
09:12:31 Отсыпка слоя c опусканием, текущая позиция стола -56111
09:12:40 Старт прожига
09:12:40 -56140 260 Прожиг
09:15:19 Отсыпка слоя c опусканием, текущая позиция стола -56140
09:15:28 Старт прожига
09:15:28 -56170 261 Прожиг
09:18:14 Отсыпка слоя c опусканием, текущая позиция стола -56170
09:18:23 Старт прожига
09:18:24 -56200 262 Прожиг
09:21:01 Отсыпка слоя c опусканием, текущая позиция стола -56200
09:21:10 Старт прожига
09:21:10 -56230 263 Прожиг
09:23:55 Отсыпка слоя c опусканием, текущая позиция стола -56230
09:24:04 Старт прожига
09:24:04 -56260 264 Прожиг
09:26:56 Отсыпка слоя c опусканием, текущая позиция стола -56260
09:27:05 Старт прожига
09:27:05 -56290 265 Прожиг
09:29:57 Отсыпка слоя c опусканием, текущая позиция стола -56291
09:30:06 Старт прожига
09:30:06 -56320 266 Прожиг
09:32:55 Отсыпка слоя c опусканием, текущая позиция стола -56320
09:33:04 Старт прожига
09:33:04 -56350 267 Прожиг
09:35:52 Отсыпка слоя c опусканием, текущая позиция стола -56350
09:36:02 Старт прожига
09:36:02 -56380 268 Прожиг
09:38:53 Отсыпка слоя c опусканием, текущая позиция стола -56380
09:39:02 Старт прожига
09:39:02 -56410 269 Прожиг
09:41:50 Отсыпка слоя c опусканием, текущая позиция стола -56410
09:41:59 Старт прожига
09:42:00 -56440 270 Прожиг
09:44:46 Отсыпка слоя c опусканием, текущая позиция стола -56440
09:44:55 Старт прожига
09:44:55 -56470 271 Прожиг
09:47:47 Отсыпка слоя c опусканием, текущая позиция стола -56470
09:47:56 Старт прожига
09:47:56 -56499 272 Прожиг
09:50:43 Отсыпка слоя c опусканием, текущая позиция стола -56500
09:50:52 Старт прожига
09:50:52 -56529 273 Прожиг
09:53:46 Отсыпка слоя c опусканием, текущая позиция стола -56530
09:53:55 Старт прожига
09:53:55 -56560 274 Прожиг
09:56:46 Отсыпка слоя c опусканием, текущая позиция стола -56561
09:56:56 Старт прожига
09:56:56 -56590 275 Прожиг
09:59:43 Отсыпка слоя c опусканием, текущая позиция стола -56590
09:59:52 Старт прожига
09:59:52 -56620 276 Прожиг
10:02:53 Отсыпка слоя c опусканием, текущая позиция стола -56620
10:03:03 Старт прожига
10:03:03 -56650 277 Прожиг
10:05:54 Отсыпка слоя c опусканием, текущая позиция стола -56650
10:06:03 Старт прожига
10:06:03 -56680 278 Прожиг
10:08:40 Отсыпка слоя c опусканием, текущая позиция стола -56680
10:08:49 Старт прожига
10:08:50 -56710 279 Прожиг
10:11:46 Отсыпка слоя c опусканием, текущая позиция стола -56710
10:11:55 Старт прожига
10:11:55 -56740 280 Прожиг
10:14:37 Отсыпка слоя c опусканием, текущая позиция стола -56740
10:14:46 Старт прожига
10:14:46 -56770 281 Прожиг
10:17:32 Отсыпка слоя c опусканием, текущая позиция стола -56770
10:17:42 Старт прожига
10:17:42 -56800 282 Прожиг
10:20:30 Отсыпка слоя c опусканием, текущая позиция стола -56800
10:20:39 Старт прожига
10:20:39 -56830 283 Прожиг
10:23:12 Отсыпка слоя c опусканием, текущая позиция стола -56830
10:23:22 Старт прожига
10:23:22 -56860 284 Прожиг
10:26:09 Отсыпка слоя c опусканием, текущая позиция стола -56860
10:26:18 Старт прожига
10:26:18 -56889 285 Прожиг
10:28:56 Отсыпка слоя c опусканием, текущая позиция стола -56890
10:29:05 Старт прожига
10:29:05 -56920 286 Прожиг
10:31:35 Отсыпка слоя c опусканием, текущая позиция стола -56920
10:31:45 Старт прожига
10:31:45 -56949 287 Прожиг
10:34:36 Отсыпка слоя c опусканием, текущая позиция стола -56951
10:34:45 Старт прожига
10:34:45 -56980 288 Прожиг
10:37:28 Отсыпка слоя c опусканием, текущая позиция стола -56980
10:37:37 Старт прожига
10:37:37 -57010 289 Прожиг
10:40:04 Отсыпка слоя c опусканием, текущая позиция стола -57011
10:40:13 Старт прожига
10:40:14 -57040 290 Прожиг
10:43:06 Отсыпка слоя c опусканием, текущая позиция стола -57040
10:43:15 Старт прожига
10:43:16 -57070 291 Прожиг
10:45:53 Отсыпка слоя c опусканием, текущая позиция стола -57070
10:46:02 Старт прожига
10:46:02 -57100 292 Прожиг
10:48:48 Отсыпка слоя c опусканием, текущая позиция стола -57100
10:48:58 Старт прожига
10:48:58 -57130 293 Прожиг
10:51:48 Отсыпка слоя c опусканием, текущая позиция стола -57130
10:51:57 Старт прожига
10:51:57 -57160 294 Прожиг
10:54:30 Отсыпка слоя c опусканием, текущая позиция стола -57160
10:54:39 Старт прожига
10:54:39 -57190 295 Прожиг
10:57:28 Отсыпка слоя c опусканием, текущая позиция стола -57190
10:57:38 Старт прожига
10:57:38 -57220 296 Прожиг
11:00:15 Отсыпка слоя c опусканием, текущая позиция стола -57220
11:00:24 Старт прожига
11:00:24 -57250 297 Прожиг
11:02:52 Отсыпка слоя c опусканием, текущая позиция стола -57250
11:03:01 Старт прожига
11:03:01 -57280 298 Прожиг
11:05:51 Отсыпка слоя c опусканием, текущая позиция стола -57280
11:06:00 Старт прожига
11:06:00 -57309 299 Прожиг
11:08:37 Отсыпка слоя c опусканием, текущая позиция стола -57310
11:08:46 Старт прожига
11:08:46 -57339 300 Прожиг
11:11:27 Отсыпка слоя c опусканием, текущая позиция стола -57339
11:11:36 Старт прожига
11:11:36 -57370 301 Прожиг
11:14:25 Отсыпка слоя c опусканием, текущая позиция стола -57370
11:14:35 Старт прожига
11:14:35 -57399 302 Прожиг
11:17:11 Отсыпка слоя c опусканием, текущая позиция стола -57400
11:17:20 Старт прожига
11:17:21 -57430 303 Прожиг
11:20:12 Отсыпка слоя c опусканием, текущая позиция стола -57430
11:20:21 Старт прожига
11:20:21 -57458 304 Прожиг
11:23:08 Отсыпка слоя c опусканием, текущая позиция стола -57459
11:23:17 Старт прожига
11:23:17 -57490 305 Прожиг
11:26:01 Отсыпка слоя c опусканием, текущая позиция стола -57490
11:26:10 Старт прожига
11:26:10 -57520 306 Прожиг
11:29:12 Отсыпка слоя c опусканием, текущая позиция стола -57520
11:29:21 Старт прожига
11:29:21 -57550 307 Прожиг
11:32:17 Отсыпка слоя c опусканием, текущая позиция стола -57550
11:32:26 Старт прожига
11:32:26 -57580 308 Прожиг
11:35:11 Отсыпка слоя c опусканием, текущая позиция стола -57580
11:35:20 Старт прожига
11:35:20 -57610 309 Прожиг
11:38:16 Отсыпка слоя c опусканием, текущая позиция стола -57610
11:38:25 Старт прожига
11:38:25 -57640 310 Прожиг
11:41:13 Отсыпка слоя c опусканием, текущая позиция стола -57640
11:41:22 Старт прожига
11:41:22 -57670 311 Прожиг
11:44:10 Отсыпка слоя c опусканием, текущая позиция стола -57671
11:44:20 Старт прожига
11:44:20 -57700 312 Прожиг
11:47:10 Отсыпка слоя c опусканием, текущая позиция стола -57700
11:47:19 Старт прожига
11:47:19 -57729 313 Прожиг
11:50:05 Отсыпка слоя c опусканием, текущая позиция стола -57730
11:50:14 Старт прожига
11:50:14 -57761 314 Прожиг
11:53:05 Отсыпка слоя c опусканием, текущая позиция стола -57761
11:53:14 Старт прожига
11:53:14 -57790 315 Прожиг
11:56:04 Отсыпка слоя c опусканием, текущая позиция стола -57790
11:56:13 Старт прожига
11:56:13 -57819 316 Прожиг
11:59:01 Отсыпка слоя c опусканием, текущая позиция стола -57820
11:59:10 Старт прожига
11:59:10 -57850 317 Прожиг
12:02:02 Отсыпка слоя c опусканием, текущая позиция стола -57850
12:02:11 Старт прожига
12:02:11 -57880 318 Прожиг
12:05:05 Отсыпка слоя c опусканием, текущая позиция стола -57880
12:05:14 Старт прожига
12:05:14 -57911 319 Прожиг
12:08:02 Отсыпка слоя c опусканием, текущая позиция стола -57911
12:08:11 Старт прожига
12:08:11 -57939 320 Прожиг
12:10:52 Отсыпка слоя c опусканием, текущая позиция стола -57940
12:11:01 Старт прожига
12:11:01 -57969 321 Прожиг
12:13:46 Отсыпка слоя c опусканием, текущая позиция стола -57970
12:13:55 Старт прожига
12:13:55 -58000 322 Прожиг
12:16:29 Отсыпка слоя c опусканием, текущая позиция стола -58000
12:16:38 Старт прожига
12:16:38 -58030 323 Прожиг
12:19:17 Отсыпка слоя c опусканием, текущая позиция стола -58030
12:19:26 Старт прожига
12:19:26 -58060 324 Прожиг
12:22:10 Отсыпка слоя c опусканием, текущая позиция стола -58060
12:22:19 Старт прожига
12:22:19 -58090 325 Прожиг
12:24:51 Отсыпка слоя c опусканием, текущая позиция стола -58090
12:25:00 Старт прожига
12:25:00 -58119 326 Прожиг
12:27:41 Отсыпка слоя c опусканием, текущая позиция стола -58120
12:27:50 Старт прожига
12:27:50 -58150 327 Прожиг
12:30:32 Отсыпка слоя c опусканием, текущая позиция стола -58150
12:30:42 Старт прожига
12:30:42 -58180 328 Прожиг
12:33:15 Отсыпка слоя c опусканием, текущая позиция стола -58180
12:33:24 Старт прожига
12:33:24 -58210 329 Прожиг
12:36:03 Отсыпка слоя c опусканием, текущая позиция стола -58210
12:36:12 Старт прожига
12:36:12 -58240 330 Прожиг
12:38:40 Отсыпка слоя c опусканием, текущая позиция стола -58241
12:38:49 Старт прожига
12:38:50 -58270 331 Прожиг
12:41:23 Отсыпка слоя c опусканием, текущая позиция стола -58270
12:41:32 Старт прожига
12:41:32 -58300 332 Прожиг
12:44:10 Отсыпка слоя c опусканием, текущая позиция стола -58300
12:44:19 Старт прожига
12:44:19 -58330 333 Прожиг
12:46:48 Отсыпка слоя c опусканием, текущая позиция стола -58330
12:46:57 Старт прожига
12:46:57 -58360 334 Прожиг
12:49:33 Отсыпка слоя c опусканием, текущая позиция стола -58360
12:49:42 Старт прожига
12:49:42 -58389 335 Прожиг
12:52:23 Отсыпка слоя c опусканием, текущая позиция стола -58390
12:52:32 Старт прожига
12:52:32 -58419 336 Прожиг
12:55:03 Отсыпка слоя c опусканием, текущая позиция стола -58420
12:55:12 Старт прожига
12:55:12 -58449 337 Прожиг
12:57:49 Отсыпка слоя c опусканием, текущая позиция стола -58450
12:57:58 Старт прожига
12:57:58 -58480 338 Прожиг
13:00:39 Отсыпка слоя c опусканием, текущая позиция стола -58481
13:00:48 Старт прожига
13:00:48 -58510 339 Прожиг
13:03:22 Отсыпка слоя c опусканием, текущая позиция стола -58510
13:03:31 Старт прожига
13:03:31 -58540 340 Прожиг
13:06:12 Отсыпка слоя c опусканием, текущая позиция стола -58540
13:06:21 Старт прожига
13:06:21 -58570 341 Прожиг
13:08:52 Отсыпка слоя c опусканием, текущая позиция стола -58570
13:09:01 Старт прожига
13:09:01 -58601 342 Прожиг
13:11:39 Отсыпка слоя c опусканием, текущая позиция стола -58601
13:11:48 Старт прожига
13:11:48 -58630 343 Прожиг
13:14:33 Отсыпка слоя c опусканием, текущая позиция стола -58630
13:14:42 Старт прожига
13:14:42 -58659 344 Прожиг
13:17:18 Отсыпка слоя c опусканием, текущая позиция стола -58659
13:17:27 Старт прожига
13:17:27 -58690 345 Прожиг
13:20:11 Отсыпка слоя c опусканием, текущая позиция стола -58690
13:20:21 Старт прожига
13:20:21 -58720 346 Прожиг
13:23:07 Отсыпка слоя c опусканием, текущая позиция стола -58720
13:23:16 Старт прожига
13:23:16 -58750 347 Прожиг
13:26:02 Отсыпка слоя c опусканием, текущая позиция стола -58750
13:26:11 Старт прожига
13:26:11 -58780 348 Прожиг
13:29:01 Отсыпка слоя c опусканием, текущая позиция стола -58780
13:29:10 Старт прожига
13:29:10 -58810 349 Прожиг
13:31:56 Отсыпка слоя c опусканием, текущая позиция стола -58810
13:32:05 Старт прожига
13:32:05 -58840 350 Прожиг
13:34:52 Отсыпка слоя c опусканием, текущая позиция стола -58840
13:35:02 Старт прожига
13:35:02 -58870 351 Прожиг
13:37:48 Отсыпка слоя c опусканием, текущая позиция стола -58870
13:37:57 Старт прожига
13:37:57 -58900 352 Прожиг
13:40:42 Отсыпка слоя c опусканием, текущая позиция стола -58900
13:40:51 Старт прожига
13:40:51 -58929 353 Прожиг
13:43:39 Отсыпка слоя c опусканием, текущая позиция стола -58930
13:43:48 Старт прожига
13:43:48 -58959 354 Прожиг
13:46:31 Отсыпка слоя c опусканием, текущая позиция стола -58960
13:46:40 Старт прожига
13:46:40 -58990 355 Прожиг
13:49:30 Отсыпка слоя c опусканием, текущая позиция стола -58990
13:49:39 Старт прожига
13:49:39 -59020 356 Прожиг
13:52:25 Отсыпка слоя c опусканием, текущая позиция стола -59020
13:52:34 Старт прожига
13:52:34 -59050 357 Прожиг
13:55:16 Отсыпка слоя c опусканием, текущая позиция стола -59050
13:55:25 Старт прожига
13:55:25 -59079 358 Прожиг
13:58:22 Отсыпка слоя c опусканием, текущая позиция стола -59080
13:58:31 Старт прожига
13:58:31 -59110 359 Прожиг
14:01:23 Отсыпка слоя c опусканием, текущая позиция стола -59110
14:01:32 Старт прожига
14:01:32 -59139 360 Прожиг
14:04:22 Отсыпка слоя c опусканием, текущая позиция стола -59140
14:04:31 Старт прожига
14:04:31 -59170 361 Прожиг
14:07:27 Отсыпка слоя c опусканием, текущая позиция стола -59170
14:07:36 Старт прожига
14:07:36 -59200 362 Прожиг
14:10:16 Отсыпка слоя c опусканием, текущая позиция стола -59200
14:10:25 Старт прожига
14:10:25 -59230 363 Прожиг
14:13:15 Отсыпка слоя c опусканием, текущая позиция стола -59230
14:13:25 Старт прожига
14:13:25 -59259 364 Прожиг
14:16:08 Отсыпка слоя c опусканием, текущая позиция стола -59260
14:16:17 Старт прожига
14:16:17 -59289 365 Прожиг
14:18:51 Отсыпка слоя c опусканием, текущая позиция стола -59290
14:19:00 Старт прожига
14:19:00 -59319 366 Прожиг
14:21:48 Отсыпка слоя c опусканием, текущая позиция стола -59320
14:21:57 Старт прожига
14:21:57 -59350 367 Прожиг
14:24:37 Отсыпка слоя c опусканием, текущая позиция стола -59350
14:24:46 Старт прожига
14:24:46 -59379 368 Прожиг
14:27:12 Отсыпка слоя c опусканием, текущая позиция стола -59380
14:27:22 Старт прожига
14:27:22 -59409 369 Прожиг
14:30:10 Отсыпка слоя c опусканием, текущая позиция стола -59410
14:30:20 Старт прожига
14:30:20 -59440 370 Прожиг
14:32:56 Отсыпка слоя c опусканием, текущая позиция стола -59440
14:33:05 Старт прожига
14:33:05 -59470 371 Прожиг
14:35:49 Отсыпка слоя c опусканием, текущая позиция стола -59471
14:35:58 Старт прожига
14:35:58 -59500 372 Прожиг
14:38:49 Отсыпка слоя c опусканием, текущая позиция стола -59500
14:38:58 Старт прожига
14:38:58 -59530 373 Прожиг
14:41:33 Отсыпка слоя c опусканием, текущая позиция стола -59530
14:41:42 Старт прожига
14:41:42 -59560 374 Прожиг
14:44:32 Отсыпка слоя c опусканием, текущая позиция стола -59560
14:44:41 Старт прожига
14:44:42 -59590 375 Прожиг
14:47:26 Отсыпка слоя c опусканием, текущая позиция стола -59590
14:47:35 Старт прожига
14:47:35 -59619 376 Прожиг
14:50:08 Отсыпка слоя c опусканием, текущая позиция стола -59620
14:50:17 Старт прожига
14:50:17 -59650 377 Прожиг
14:53:11 Отсыпка слоя c опусканием, текущая позиция стола -59650
14:53:20 Старт прожига
14:53:21 -59679 378 Прожиг
14:56:04 Отсыпка слоя c опусканием, текущая позиция стола -59680
14:56:13 Старт прожига
14:56:13 -59710 379 Прожиг
14:58:39 Отсыпка слоя c опусканием, текущая позиция стола -59710
14:58:48 Старт прожига
14:58:48 -59740 380 Прожиг
15:01:39 Отсыпка слоя c опусканием, текущая позиция стола -59740
15:01:48 Старт прожига
15:01:48 -59770 381 Прожиг
15:04:24 Отсыпка слоя c опусканием, текущая позиция стола -59770
15:04:34 Старт прожига
15:04:34 -59800 382 Прожиг
15:07:16 Отсыпка слоя c опусканием, текущая позиция стола -59800
15:07:25 Старт прожига
15:07:25 -59830 383 Прожиг
15:10:12 Отсыпка слоя c опусканием, текущая позиция стола -59830
15:10:21 Старт прожига
15:10:21 -59860 384 Прожиг
15:12:54 Отсыпка слоя c опусканием, текущая позиция стола -59860
15:13:03 Старт прожига
15:13:03 -59889 385 Прожиг
15:15:53 Отсыпка слоя c опусканием, текущая позиция стола -59890
15:16:02 Старт прожига
15:16:02 -59920 386 Прожиг
15:18:43 Отсыпка слоя c опусканием, текущая позиция стола -59920
15:18:52 Старт прожига
15:18:52 -59950 387 Прожиг
15:21:26 Отсыпка слоя c опусканием, текущая позиция стола -59950
15:21:35 Старт прожига
15:21:35 -59980 388 Прожиг
15:24:31 Отсыпка слоя c опусканием, текущая позиция стола -59980
15:24:40 Старт прожига
15:24:40 -60009 389 Прожиг
15:27:28 Отсыпка слоя c опусканием, текущая позиция стола -60010
15:27:37 Старт прожига
15:27:37 -60040 390 Прожиг
15:30:29 Отсыпка слоя c опусканием, текущая позиция стола -60040
15:30:38 Старт прожига
15:30:38 -60070 391 Прожиг
15:33:33 Отсыпка слоя c опусканием, текущая позиция стола -60070
15:33:42 Старт прожига
15:33:42 -60100 392 Прожиг
15:36:25 Отсыпка слоя c опусканием, текущая позиция стола -60100
15:36:34 Старт прожига
15:36:34 -60129 393 Прожиг
15:39:23 Отсыпка слоя c опусканием, текущая позиция стола -60130
15:39:32 Старт прожига
15:39:32 -60160 394 Прожиг
15:42:17 Отсыпка слоя c опусканием, текущая позиция стола -60160
15:42:26 Старт прожига
15:42:26 -60189 395 Прожиг
15:45:06 Отсыпка слоя c опусканием, текущая позиция стола -60190
15:45:16 Старт прожига
15:45:16 -60220 396 Прожиг
15:48:04 Отсыпка слоя c опусканием, текущая позиция стола -60220
15:48:13 Старт прожига
15:48:13 -60250 397 Прожиг
15:50:57 Отсыпка слоя c опусканием, текущая позиция стола -60250
15:51:06 Старт прожига
15:51:06 -60279 398 Прожиг
15:53:47 Отсыпка слоя c опусканием, текущая позиция стола -60280
15:53:56 Старт прожига
15:53:56 -60310 399 Прожиг
15:56:43 Отсыпка слоя c опусканием, текущая позиция стола -60310
15:56:52 Старт прожига
15:56:52 -60340 400 Прожиг
15:59:38 Отсыпка слоя c опусканием, текущая позиция стола -60341
15:59:47 Старт прожига
15:59:47 -60369 401 Прожиг
16:02:32 Отсыпка слоя c опусканием, текущая позиция стола -60370
16:02:41 Старт прожига
16:02:41 -60399 402 Прожиг
16:05:25 Отсыпка слоя c опусканием, текущая позиция стола -60400
16:05:34 Старт прожига
16:05:34 -60430 403 Прожиг
16:08:16 Отсыпка слоя c опусканием, текущая позиция стола -60430
16:08:25 Старт прожига
16:08:25 -60460 404 Прожиг
16:10:59 Отсыпка слоя c опусканием, текущая позиция стола -60460
16:11:08 Старт прожига
16:11:08 -60490 405 Прожиг
16:13:47 Отсыпка слоя c опусканием, текущая позиция стола -60490
16:13:56 Старт прожига
16:13:56 -60520 406 Прожиг
16:16:34 Отсыпка слоя c опусканием, текущая позиция стола -60520
16:16:43 Старт прожига
16:16:43 -60550 407 Прожиг
16:19:12 Отсыпка слоя c опусканием, текущая позиция стола -60550
16:19:21 Старт прожига
16:19:21 -60580 408 Прожиг
16:21:56 Отсыпка слоя c опусканием, текущая позиция стола -60580
16:22:05 Старт прожига
16:22:05 -60609 409 Прожиг
16:24:39 Отсыпка слоя c опусканием, текущая позиция стола -60611
16:24:48 Старт прожига
16:24:48 -60640 410 Прожиг
16:27:18 Отсыпка слоя c опусканием, текущая позиция стола -60640
16:27:27 Старт прожига
16:27:27 -60670 411 Прожиг
16:30:02 Отсыпка слоя c опусканием, текущая позиция стола -60671
16:30:11 Старт прожига
16:30:11 -60700 412 Прожиг
16:32:34 Отсыпка слоя c опусканием, текущая позиция стола -60700
16:32:43 Старт прожига
16:32:43 -60730 413 Прожиг
16:35:12 Отсыпка слоя c опусканием, текущая позиция стола -60730
16:35:21 Старт прожига
16:35:21 -60760 414 Прожиг
16:37:54 Отсыпка слоя c опусканием, текущая позиция стола -60760
16:38:03 Старт прожига
16:38:03 -60789 415 Прожиг
16:40:26 Отсыпка слоя c опусканием, текущая позиция стола -60790
16:40:35 Старт прожига
16:40:35 -60820 416 Прожиг
16:43:04 Отсыпка слоя c опусканием, текущая позиция стола -60820
16:43:13 Старт прожига
16:43:13 -60850 417 Прожиг
16:45:46 Отсыпка слоя c опусканием, текущая позиция стола -60850
16:45:55 Старт прожига
16:45:55 -60880 418 Прожиг
16:48:20 Отсыпка слоя c опусканием, текущая позиция стола -60880
16:48:29 Старт прожига
16:48:29 -60910 419 Прожиг
16:50:59 Отсыпка слоя c опусканием, текущая позиция стола -60910
16:51:08 Старт прожига
16:51:09 -60940 420 Прожиг
16:53:30 Отсыпка слоя c опусканием, текущая позиция стола -60940
16:53:39 Старт прожига
16:53:39 -60970 421 Прожиг
16:56:08 Отсыпка слоя c опусканием, текущая позиция стола -60970
16:56:17 Старт прожига
16:56:18 -61000 422 Прожиг
16:58:52 Отсыпка слоя c опусканием, текущая позиция стола -61000
16:59:01 Старт прожига
16:59:02 -61030 423 Прожиг
17:01:25 Отсыпка слоя c опусканием, текущая позиция стола -61030
17:01:34 Старт прожига
17:01:34 -61060 424 Прожиг
17:04:06 Отсыпка слоя c опусканием, текущая позиция стола -61060
17:04:16 Старт прожига
17:04:16 -61090 425 Прожиг
17:06:51 Отсыпка слоя c опусканием, текущая позиция стола -61090
17:07:00 Старт прожига
17:07:00 -61120 426 Прожиг
17:09:26 Отсыпка слоя c опусканием, текущая позиция стола -61120
17:09:35 Старт прожига
17:09:35 -61150 427 Прожиг
17:12:07 Отсыпка слоя c опусканием, текущая позиция стола -61150
17:12:16 Старт прожига
17:12:16 -61179 428 Прожиг
17:14:51 Отсыпка слоя c опусканием, текущая позиция стола -61180
17:15:00 Старт прожига
17:15:00 -61210 429 Прожиг
17:17:31 Отсыпка слоя c опусканием, текущая позиция стола -61210
17:17:40 Старт прожига
17:17:40 -61240 430 Прожиг
17:20:15 Отсыпка слоя c опусканием, текущая позиция стола -61240
17:20:24 Старт прожига
17:20:24 -61270 431 Прожиг
17:23:00 Отсыпка слоя c опусканием, текущая позиция стола -61270
17:23:10 Старт прожига
17:23:10 -61300 432 Прожиг
17:25:48 Отсыпка слоя c опусканием, текущая позиция стола -61300
17:25:57 Старт прожига
17:25:57 -61330 433 Прожиг
17:28:31 Отсыпка слоя c опусканием, текущая позиция стола -61330
17:28:40 Старт прожига
17:28:40 -61360 434 Прожиг
17:31:18 Отсыпка слоя c опусканием, текущая позиция стола -61360
17:31:27 Старт прожига
17:31:27 -61390 435 Прожиг
17:34:01 Отсыпка слоя c опусканием, текущая позиция стола -61390
17:34:10 Старт прожига
17:34:10 -61420 436 Прожиг
17:36:37 Отсыпка слоя c опусканием, текущая позиция стола -61420
17:36:46 Старт прожига
17:36:46 -61450 437 Прожиг
17:39:24 Отсыпка слоя c опусканием, текущая позиция стола -61450
17:39:33 Старт прожига
17:39:33 -61479 438 Прожиг
17:41:59 Отсыпка слоя c опусканием, текущая позиция стола -61480
17:42:08 Старт прожига
17:42:08 -61510 439 Прожиг
17:44:17 Отсыпка слоя c опусканием, текущая позиция стола -61510
17:44:26 Старт прожига
17:44:26 -61540 440 Прожиг
17:46:31 Отсыпка слоя c опусканием, текущая позиция стола -61540
17:46:40 Старт прожига
17:46:40 -61569 441 Прожиг
17:48:23 Отсыпка слоя c опусканием, текущая позиция стола -61570
17:48:32 Старт прожига
17:48:32 -61600 442 Прожиг
17:50:43 Отсыпка слоя c опусканием, текущая позиция стола -61600
17:50:52 Старт прожига
17:50:52 -61630 443 Прожиг
17:53:03 Отсыпка слоя c опусканием, текущая позиция стола -61630
17:53:13 Старт прожига
17:53:13 -61660 444 Прожиг
17:55:21 Отсыпка слоя c опусканием, текущая позиция стола -61660
17:55:30 Старт прожига
17:55:30 -61690 445 Прожиг
17:57:41 Отсыпка слоя c опусканием, текущая позиция стола -61690
17:57:50 Старт прожига
17:57:50 -61720 446 Прожиг
18:00:00 Отсыпка слоя c опусканием, текущая позиция стола -61719
18:00:09 Старт прожига
18:00:09 -61750 447 Прожиг
18:02:17 Отсыпка слоя c опусканием, текущая позиция стола -61750
18:02:26 Старт прожига
18:02:26 -61780 448 Прожиг
18:04:36 Отсыпка слоя c опусканием, текущая позиция стола -61780
18:04:45 Старт прожига
18:04:45 -61810 449 Прожиг
18:06:54 Отсыпка слоя c опусканием, текущая позиция стола -61809
18:07:03 Старт прожига
18:07:03 -61840 450 Прожиг
18:09:13 Отсыпка слоя c опусканием, текущая позиция стола -61840
18:09:22 Старт прожига
18:09:22 -61870 451 Прожиг
18:11:32 Отсыпка слоя c опусканием, текущая позиция стола -61869
18:11:41 Старт прожига
18:11:41 -61900 452 Прожиг
18:13:49 Отсыпка слоя c опусканием, текущая позиция стола -61900
18:13:59 Старт прожига
18:13:59 -61930 453 Прожиг
18:16:08 Отсыпка слоя c опусканием, текущая позиция стола -61930
18:16:17 Старт прожига
18:16:18 -61960 454 Прожиг
18:18:26 Отсыпка слоя c опусканием, текущая позиция стола -61960
18:18:35 Старт прожига
18:18:35 -61990 455 Прожиг
18:20:43 Отсыпка слоя c опусканием, текущая позиция стола -61990
18:20:52 Старт прожига
18:20:52 -62020 456 Прожиг
18:23:01 Отсыпка слоя c опусканием, текущая позиция стола -62020
18:23:10 Старт прожига
18:23:10 -62050 457 Прожиг
18:25:19 Отсыпка слоя c опусканием, текущая позиция стола -62050
18:25:28 Старт прожига
18:25:28 -62080 458 Прожиг
18:27:35 Отсыпка слоя c опусканием, текущая позиция стола -62080
18:27:44 Старт прожига
18:27:44 -62110 459 Прожиг
18:29:53 Отсыпка слоя c опусканием, текущая позиция стола -62110
18:30:02 Старт прожига
18:30:02 -62141 460 Прожиг
18:32:09 Отсыпка слоя c опусканием, текущая позиция стола -62141
18:32:18 Старт прожига
18:32:19 -62170 461 Прожиг
18:34:27 Отсыпка слоя c опусканием, текущая позиция стола -62170
18:34:36 Старт прожига
18:34:36 -62199 462 Прожиг
18:36:44 Отсыпка слоя c опусканием, текущая позиция стола -62200
18:36:53 Старт прожига
18:36:53 -62230 463 Прожиг
18:38:59 Отсыпка слоя c опусканием, текущая позиция стола -62230
18:39:09 Старт прожига
18:39:09 -62259 464 Прожиг
18:41:15 Отсыпка слоя c опусканием, текущая позиция стола -62260
18:41:24 Старт прожига
18:41:24 -62289 465 Прожиг
18:43:30 Отсыпка слоя c опусканием, текущая позиция стола -62290
18:43:39 Старт прожига
18:43:39 -62320 466 Прожиг
18:45:42 Отсыпка слоя c опусканием, текущая позиция стола -62320
18:45:51 Старт прожига
18:45:51 -62350 467 Прожиг
18:48:00 Отсыпка слоя c опусканием, текущая позиция стола -62350
18:48:09 Старт прожига
18:48:10 -62380 468 Прожиг
18:50:19 Отсыпка слоя c опусканием, текущая позиция стола -62380
18:50:28 Старт прожига
18:50:28 -62409 469 Прожиг
18:52:35 Отсыпка слоя c опусканием, текущая позиция стола -62410
18:52:44 Старт прожига
18:52:44 -62440 470 Прожиг
18:54:54 Отсыпка слоя c опусканием, текущая позиция стола -62440
18:55:03 Старт прожига
18:55:03 -62470 471 Прожиг
18:57:14 Отсыпка слоя c опусканием, текущая позиция стола -62470
18:57:23 Старт прожига
18:57:23 -62499 472 Прожиг
18:59:35 Отсыпка слоя c опусканием, текущая позиция стола -62500
18:59:44 Старт прожига
18:59:44 -62530 473 Прожиг
19:01:57 Отсыпка слоя c опусканием, текущая позиция стола -62530
19:02:06 Старт прожига
19:02:06 -62560 474 Прожиг
19:04:15 Отсыпка слоя c опусканием, текущая позиция стола -62560
19:04:24 Старт прожига
19:04:24 -62590 475 Прожиг
19:06:38 Отсыпка слоя c опусканием, текущая позиция стола -62590
19:06:47 Старт прожига
19:06:47 -62620 476 Прожиг
19:08:59 Отсыпка слоя c опусканием, текущая позиция стола -62620
19:09:08 Старт прожига
19:09:08 -62650 477 Прожиг
19:11:18 Отсыпка слоя c опусканием, текущая позиция стола -62650
19:11:27 Старт прожига
19:11:27 -62680 478 Прожиг
19:13:39 Отсыпка слоя c опусканием, текущая позиция стола -62680
19:13:49 Старт прожига
19:13:49 -62710 479 Прожиг
19:16:03 Отсыпка слоя c опусканием, текущая позиция стола -62710
19:16:12 Старт прожига
19:16:12 -62740 480 Прожиг
19:18:26 Отсыпка слоя c опусканием, текущая позиция стола -62740
19:18:36 Старт прожига
19:18:36 -62769 481 Прожиг
19:20:50 Отсыпка слоя c опусканием, текущая позиция стола -62770
19:21:00 Старт прожига
19:21:00 -62800 482 Прожиг
19:23:15 Отсыпка слоя c опусканием, текущая позиция стола -62800
19:23:24 Старт прожига
19:23:24 -62830 483 Прожиг
19:24:30 Отсыпка слоя c опусканием, текущая позиция стола -62830
19:24:39 Старт прожига
19:24:39 -62860 484 Прожиг
19:25:43 Отсыпка слоя c опусканием, текущая позиция стола -62860
19:25:52 Старт прожига
19:25:52 -62890 485 Прожиг
19:26:52 Отсыпка слоя c опусканием, текущая позиция стола -62890
19:27:01 Старт прожига
19:27:01 -62920 486 Прожиг
19:28:07 Отсыпка слоя c опусканием, текущая позиция стола -62920
19:28:16 Старт прожига
19:28:16 -62950 487 Прожиг
19:29:19 Отсыпка слоя c опусканием, текущая позиция стола -62950
19:29:28 Старт прожига
19:29:28 -62980 488 Прожиг
19:30:27 Отсыпка слоя c опусканием, текущая позиция стола -62980
19:30:36 Старт прожига
19:30:36 -63009 489 Прожиг
19:31:41 Отсыпка слоя c опусканием, текущая позиция стола -63009
19:31:50 Старт прожига
19:31:51 -63039 490 Прожиг
19:32:52 Отсыпка слоя c опусканием, текущая позиция стола -63039
19:33:01 Старт прожига
19:33:01 -63070 491 Прожиг
19:34:06 Отсыпка слоя c опусканием, текущая позиция стола -63070
19:34:15 Старт прожига
19:34:15 -63100 492 Прожиг
19:35:20 Отсыпка слоя c опусканием, текущая позиция стола -63100
19:35:29 Старт прожига
19:35:29 -63130 493 Прожиг
19:36:29 Отсыпка слоя c опусканием, текущая позиция стола -63130
19:36:38 Старт прожига
19:36:38 -63159 494 Прожиг
19:37:43 Отсыпка слоя c опусканием, текущая позиция стола -63160
19:37:52 Старт прожига
19:37:52 -63189 495 Прожиг
19:38:54 Отсыпка слоя c опусканием, текущая позиция стола -63189
19:39:03 Старт прожига
19:39:03 -63220 496 Прожиг
19:40:01 Отсыпка слоя c опусканием, текущая позиция стола -63220
19:40:10 Старт прожига
19:40:10 -63250 497 Прожиг
19:41:15 Отсыпка слоя c опусканием, текущая позиция стола -63250
19:41:24 Старт прожига
19:41:24 -63280 498 Прожиг
19:42:26 Отсыпка слоя c опусканием, текущая позиция стола -63280
19:42:35 Старт прожига
19:42:35 -63310 499 Прожиг
19:43:34 Отсыпка слоя c опусканием, текущая позиция стола -63310
19:43:43 Старт прожига
19:43:43 -63340 500 Прожиг
19:44:47 Отсыпка слоя c опусканием, текущая позиция стола -63340
19:44:56 Старт прожига
19:44:56 -63370 501 Прожиг
19:45:56 Отсыпка слоя c опусканием, текущая позиция стола -63370
19:46:05 Старт прожига
19:46:05 -63400 502 Прожиг
19:47:10 Отсыпка слоя c опусканием, текущая позиция стола -63400
19:47:19 Старт прожига
19:47:19 -63430 503 Прожиг
19:48:22 Отсыпка слоя c опусканием, текущая позиция стола -63430
19:48:32 Старт прожига
19:48:32 -63460 504 Прожиг
19:49:30 Отсыпка слоя c опусканием, текущая позиция стола -63460
19:49:39 Старт прожига
19:49:39 -63490 505 Прожиг
19:50:44 Отсыпка слоя c опусканием, текущая позиция стола -63490
19:50:53 Старт прожига
19:50:53 -63520 506 Прожиг
19:51:54 Отсыпка слоя c опусканием, текущая позиция стола -63520
19:52:03 Старт прожига
19:52:03 -63550 507 Прожиг
19:53:01 Отсыпка слоя c опусканием, текущая позиция стола -63550
19:53:11 Старт прожига
19:53:11 -63580 508 Прожиг
19:54:15 Отсыпка слоя c опусканием, текущая позиция стола -63580
19:54:24 Старт прожига
19:54:24 -63610 509 Прожиг
19:55:26 Отсыпка слоя c опусканием, текущая позиция стола -63610
19:55:35 Старт прожига
19:55:35 -63640 510 Прожиг
19:56:39 Отсыпка слоя c опусканием, текущая позиция стола -63640
19:56:48 Старт прожига
19:56:49 -63669 511 Прожиг
19:57:52 Отсыпка слоя c опусканием, текущая позиция стола -63669
19:58:01 Старт прожига
19:58:01 -63700 512 Прожиг
19:59:01 Отсыпка слоя c опусканием, текущая позиция стола -63700
19:59:10 Старт прожига
19:59:11 -63730 513 Прожиг
20:00:15 Отсыпка слоя c опусканием, текущая позиция стола -63730
20:00:24 Старт прожига
20:00:24 -63760 514 Прожиг
20:01:26 Отсыпка слоя c опусканием, текущая позиция стола -63760
20:01:35 Старт прожига
20:01:35 -63789 515 Прожиг
20:02:33 Отсыпка слоя c опусканием, текущая позиция стола -63790
20:02:42 Старт прожига
20:02:43 -63820 516 Прожиг
20:03:47 Отсыпка слоя c опусканием, текущая позиция стола -63820
20:03:56 Старт прожига
20:03:56 -63849 517 Прожиг
20:04:58 Отсыпка слоя c опусканием, текущая позиция стола -63850
20:05:07 Старт прожига
20:05:08 -63880 518 Прожиг
20:06:06 Отсыпка слоя c опусканием, текущая позиция стола -63880
20:06:15 Старт прожига
20:06:15 -63910 519 Прожиг
20:07:19 Отсыпка слоя c опусканием, текущая позиция стола -63910
20:07:28 Старт прожига
20:07:28 -63940 520 Прожиг
20:08:29 Отсыпка слоя c опусканием, текущая позиция стола -63940
20:08:38 Старт прожига
20:08:38 -63970 521 Прожиг
20:09:42 Отсыпка слоя c опусканием, текущая позиция стола -63970
20:09:52 Старт прожига
20:09:52 -64000 522 Прожиг
20:10:54 Отсыпка слоя c опусканием, текущая позиция стола -64000
20:11:03 Старт прожига
20:11:03 -64030 523 Прожиг
20:12:00 Отсыпка слоя c опусканием, текущая позиция стола -64030
20:12:09 Старт прожига
20:12:10 -64060 524 Прожиг
20:13:12 Отсыпка слоя c опусканием, текущая позиция стола -64060
20:13:22 Старт прожига
20:13:22 -64090 525 Прожиг
20:14:21 Отсыпка слоя c опусканием, текущая позиция стола -64090
20:14:31 Старт прожига
20:14:31 -64120 526 Прожиг
20:15:27 Отсыпка слоя c опусканием, текущая позиция стола -64120
20:15:36 Старт прожига
20:15:36 -64150 527 Прожиг
20:16:39 Отсыпка слоя c опусканием, текущая позиция стола -64150
20:16:48 Старт прожига
20:16:48 -64180 528 Прожиг
20:17:49 Отсыпка слоя c опусканием, текущая позиция стола -64180
20:17:58 Старт прожига
20:17:58 -64210 529 Прожиг
20:18:54 Отсыпка слоя c опусканием, текущая позиция стола -64210
20:19:03 Старт прожига
20:19:03 -64240 530 Прожиг
20:20:06 Отсыпка слоя c опусканием, текущая позиция стола -64240
20:20:15 Старт прожига
20:20:15 -64269 531 Прожиг
20:21:14 Отсыпка слоя c опусканием, текущая позиция стола -64269
20:21:23 Старт прожига
20:21:23 -64300 532 Прожиг
20:22:25 Отсыпка слоя c опусканием, текущая позиция стола -64300
20:22:35 Старт прожига
20:22:35 -64330 533 Прожиг
20:23:36 Отсыпка слоя c опусканием, текущая позиция стола -64329
20:23:46 Старт прожига
20:23:46 -64359 534 Прожиг
20:24:42 Отсыпка слоя c опусканием, текущая позиция стола -64360
20:24:52 Старт прожига
20:24:52 -64390 535 Прожиг
20:25:54 Отсыпка слоя c опусканием, текущая позиция стола -64390
20:26:04 Старт прожига
20:26:04 -64420 536 Прожиг
20:27:03 Отсыпка слоя c опусканием, текущая позиция стола -64420
20:27:12 Старт прожига
20:27:12 -64450 537 Прожиг
20:28:11 Отсыпка слоя c опусканием, текущая позиция стола -64450
20:28:20 Старт прожига
20:28:20 -64480 538 Прожиг
20:29:24 Отсыпка слоя c опусканием, текущая позиция стола -64479
20:29:33 Старт прожига
20:29:33 -64510 539 Прожиг
20:30:35 Отсыпка слоя c опусканием, текущая позиция стола -64510
20:30:44 Старт прожига
20:30:44 -64540 540 Прожиг
20:31:48 Отсыпка слоя c опусканием, текущая позиция стола -64540
20:31:57 Старт прожига
20:31:57 -64569 541 Прожиг
20:33:01 Отсыпка слоя c опусканием, текущая позиция стола -64570
20:33:10 Старт прожига
20:33:10 -64600 542 Прожиг
20:34:10 Отсыпка слоя c опусканием, текущая позиция стола -64600
20:34:19 Старт прожига
20:34:20 -64630 543 Прожиг
20:35:24 Отсыпка слоя c опусканием, текущая позиция стола -64629
20:35:33 Старт прожига
20:35:33 -64660 544 Прожиг
20:36:36 Отсыпка слоя c опусканием, текущая позиция стола -64660
20:36:45 Старт прожига
20:36:45 -64690 545 Прожиг
20:37:43 Отсыпка слоя c опусканием, текущая позиция стола -64690
20:37:52 Старт прожига
20:37:53 -64720 546 Прожиг
20:38:57 Отсыпка слоя c опусканием, текущая позиция стола -64720
20:39:06 Старт прожига
20:39:06 -64750 547 Прожиг
20:40:09 Отсыпка слоя c опусканием, текущая позиция стола -64750
20:40:18 Старт прожига
20:40:18 -64779 548 Прожиг
20:41:16 Отсыпка слоя c опусканием, текущая позиция стола -64780
20:41:25 Старт прожига
20:41:25 -64810 549 Прожиг
20:42:30 Отсыпка слоя c опусканием, текущая позиция стола -64810
20:42:39 Старт прожига
20:42:39 -64840 550 Прожиг
20:43:45 Отсыпка слоя c опусканием, текущая позиция стола -64840
20:43:55 Старт прожига
20:43:55 -64869 551 Прожиг
20:45:05 Отсыпка слоя c опусканием, текущая позиция стола -64870
20:45:14 Старт прожига
20:45:14 -64900 552 Прожиг
20:46:23 Отсыпка слоя c опусканием, текущая позиция стола -64899
20:46:33 Старт прожига
20:46:33 -64930 553 Прожиг
20:47:37 Отсыпка слоя c опусканием, текущая позиция стола -64930
20:47:46 Старт прожига
20:47:46 -64960 554 Прожиг
20:48:57 Отсыпка слоя c опусканием, текущая позиция стола -64960
20:49:06 Старт прожига
20:49:06 -64990 555 Прожиг
20:50:13 Отсыпка слоя c опусканием, текущая позиция стола -64989
20:50:23 Старт прожига
20:50:23 -65020 556 Прожиг
20:51:27 Отсыпка слоя c опусканием, текущая позиция стола -65019
20:51:36 Старт прожига
20:51:36 -65050 557 Прожиг
20:52:46 Отсыпка слоя c опусканием, текущая позиция стола -65049
20:52:55 Старт прожига
20:52:55 -65080 558 Прожиг
20:54:03 Отсыпка слоя c опусканием, текущая позиция стола -65080
20:54:12 Старт прожига
20:54:12 -65110 559 Прожиг
20:55:16 Отсыпка слоя c опусканием, текущая позиция стола -65110
20:55:26 Старт прожига
20:55:26 -65140 560 Прожиг
20:56:36 Отсыпка слоя c опусканием, текущая позиция стола -65140
20:56:45 Старт прожига
20:56:45 -65170 561 Прожиг
20:57:51 Отсыпка слоя c опусканием, текущая позиция стола -65170
20:58:00 Старт прожига
20:58:00 -65200 562 Прожиг
20:59:11 Отсыпка слоя c опусканием, текущая позиция стола -65200
20:59:20 Старт прожига
20:59:20 -65230 563 Прожиг
21:00:29 Отсыпка слоя c опусканием, текущая позиция стола -65230
21:00:38 Старт прожига
21:00:38 -65260 564 Прожиг
21:01:43 Отсыпка слоя c опусканием, текущая позиция стола -65260
21:01:52 Старт прожига
21:01:52 -65290 565 Прожиг
21:03:02 Отсыпка слоя c опусканием, текущая позиция стола -65290
21:03:12 Старт прожига
21:03:12 -65320 566 Прожиг
21:04:19 Отсыпка слоя c опусканием, текущая позиция стола -65320
21:04:28 Старт прожига
21:04:28 -65349 567 Прожиг
21:05:32 Отсыпка слоя c опусканием, текущая позиция стола -65350
21:05:41 Старт прожига
21:05:41 -65380 568 Прожиг
21:06:52 Отсыпка слоя c опусканием, текущая позиция стола -65380
21:07:01 Старт прожига
21:07:01 -65410 569 Прожиг
21:08:08 Отсыпка слоя c опусканием, текущая позиция стола -65410
21:08:17 Старт прожига
21:08:17 -65440 570 Прожиг
21:09:27 Отсыпка слоя c опусканием, текущая позиция стола -65440
21:09:37 Старт прожига
21:09:37 -65470 571 Прожиг
21:10:47 Отсыпка слоя c опусканием, текущая позиция стола -65469
21:10:56 Старт прожига
21:10:56 -65499 572 Прожиг
21:12:01 Отсыпка слоя c опусканием, текущая позиция стола -65500
21:12:11 Старт прожига
21:12:11 -65530 573 Прожиг
21:13:21 Отсыпка слоя c опусканием, текущая позиция стола -65530
21:13:30 Старт прожига
21:13:30 -65560 574 Прожиг
21:14:39 Отсыпка слоя c опусканием, текущая позиция стола -65559
21:14:48 Старт прожига
21:14:48 -65588 575 Прожиг
21:15:52 Отсыпка слоя c опусканием, текущая позиция стола -65590
21:16:01 Старт прожига
21:16:01 -65620 576 Прожиг
21:17:12 Отсыпка слоя c опусканием, текущая позиция стола -65620
21:17:21 Старт прожига
21:17:21 -65649 577 Прожиг
21:18:29 Отсыпка слоя c опусканием, текущая позиция стола -65649
21:18:38 Старт прожига
21:18:38 -65680 578 Прожиг
21:19:42 Отсыпка слоя c опусканием, текущая позиция стола -65680
21:19:51 Старт прожига
21:19:51 -65710 579 Прожиг
21:21:01 Отсыпка слоя c опусканием, текущая позиция стола -65710
21:21:10 Старт прожига
21:21:11 -65739 580 Прожиг
21:22:10 Отсыпка слоя c опусканием, текущая позиция стола -65739
21:22:19 Старт прожига
21:22:19 -65769 581 Прожиг
21:23:21 Отсыпка слоя c опусканием, текущая позиция стола -65770
21:23:30 Старт прожига
21:23:31 -65800 582 Прожиг
21:24:33 Отсыпка слоя c опусканием, текущая позиция стола -65800
21:24:42 Старт прожига
21:24:42 -65830 583 Прожиг
21:25:40 Отсыпка слоя c опусканием, текущая позиция стола -65830
21:25:49 Старт прожига
21:25:49 -65860 584 Прожиг
21:26:52 Отсыпка слоя c опусканием, текущая позиция стола -65860
21:27:01 Старт прожига
21:27:01 -65889 585 Прожиг
21:28:01 Отсыпка слоя c опусканием, текущая позиция стола -65889
21:28:10 Старт прожига
21:28:10 -65920 586 Прожиг
21:29:07 Отсыпка слоя c опусканием, текущая позиция стола -65920
21:29:16 Старт прожига
21:29:16 -65950 587 Прожиг
21:30:19 Отсыпка слоя c опусканием, текущая позиция стола -65950
21:30:28 Старт прожига
21:30:28 -65980 588 Прожиг
21:31:28 Отсыпка слоя c опусканием, текущая позиция стола -65980
21:31:37 Старт прожига
21:31:38 -66010 589 Прожиг
21:32:34 Отсыпка слоя c опусканием, текущая позиция стола -66010
21:32:43 Старт прожига
21:32:43 -66040 590 Прожиг
21:33:46 Отсыпка слоя c опусканием, текущая позиция стола -66040
21:33:55 Старт прожига
21:33:55 -66070 591 Прожиг
21:34:54 Отсыпка слоя c опусканием, текущая позиция стола -66070
21:35:03 Старт прожига
21:35:03 -66100 592 Прожиг
21:36:06 Отсыпка слоя c опусканием, текущая позиция стола -66100
21:36:15 Старт прожига
21:36:15 -66130 593 Прожиг
21:37:16 Отсыпка слоя c опусканием, текущая позиция стола -66129
21:37:26 Старт прожига
21:37:26 -66160 594 Прожиг
21:38:23 Отсыпка слоя c опусканием, текущая позиция стола -66160
21:38:32 Старт прожига
21:38:32 -66190 595 Прожиг
21:39:42 Отсыпка слоя c опусканием, текущая позиция стола -66190
21:39:51 Старт прожига
21:39:51 -66220 596 Прожиг
21:40:59 Отсыпка слоя c опусканием, текущая позиция стола -66220
21:41:08 Старт прожига
21:41:08 -66250 597 Прожиг
21:42:12 Отсыпка слоя c опусканием, текущая позиция стола -66250
21:42:21 Старт прожига
21:42:21 -66280 598 Прожиг
21:43:31 Отсыпка слоя c опусканием, текущая позиция стола -66280
21:43:40 Старт прожига
21:43:40 -66310 599 Прожиг
21:44:48 Отсыпка слоя c опусканием, текущая позиция стола -66310
21:44:57 Старт прожига
21:44:57 -66340 600 Прожиг
21:46:07 Отсыпка слоя c опусканием, текущая позиция стола -66340
21:46:16 Старт прожига
21:46:16 -66370 601 Прожиг
21:47:26 Отсыпка слоя c опусканием, текущая позиция стола -66370
21:47:35 Старт прожига
21:47:35 -66399 602 Прожиг
21:48:40 Отсыпка слоя c опусканием, текущая позиция стола -66400
21:48:49 Старт прожига
21:48:49 -66430 603 Прожиг
21:50:00 Отсыпка слоя c опусканием, текущая позиция стола -66430
21:50:09 Старт прожига
21:50:09 -66460 604 Прожиг
21:51:17 Отсыпка слоя c опусканием, текущая позиция стола -66460
21:51:26 Старт прожига
21:51:26 -66489 605 Прожиг
21:52:30 Отсыпка слоя c опусканием, текущая позиция стола -66490
21:52:40 Старт прожига
21:52:40 -66520 606 Прожиг
21:53:50 Отсыпка слоя c опусканием, текущая позиция стола -66520
21:53:59 Старт прожига
21:53:59 -66550 607 Прожиг
21:55:07 Отсыпка слоя c опусканием, текущая позиция стола -66550
21:55:16 Старт прожига
21:55:16 -66580 608 Прожиг
21:56:20 Отсыпка слоя c опусканием, текущая позиция стола -66580
21:56:29 Старт прожига
21:56:29 -66609 609 Прожиг
21:57:39 Отсыпка слоя c опусканием, текущая позиция стола -66610
21:57:48 Старт прожига
21:57:48 -66640 610 Прожиг
21:58:55 Отсыпка слоя c опусканием, текущая позиция стола -66640
21:59:04 Старт прожига
21:59:04 -66670 611 Прожиг
22:00:14 Отсыпка слоя c опусканием, текущая позиция стола -66670
22:00:23 Старт прожига
22:00:23 -66699 612 Прожиг
22:01:33 Отсыпка слоя c опусканием, текущая позиция стола -66700
22:01:42 Старт прожига
22:01:42 -66730 613 Прожиг
22:02:47 Отсыпка слоя c опусканием, текущая позиция стола -66730
22:02:56 Старт прожига
22:02:56 -66760 614 Прожиг
22:04:05 Отсыпка слоя c опусканием, текущая позиция стола -66759
22:04:15 Старт прожига
22:04:15 -66790 615 Прожиг
22:05:22 Отсыпка слоя c опусканием, текущая позиция стола -66790
22:05:31 Старт прожига
22:05:31 -66820 616 Прожиг
22:06:34 Отсыпка слоя c опусканием, текущая позиция стола -66820
22:06:43 Старт прожига
22:06:43 -66850 617 Прожиг
22:07:53 Отсыпка слоя c опусканием, текущая позиция стола -66850
22:08:02 Старт прожига
22:08:02 -66880 618 Прожиг
22:09:09 Отсыпка слоя c опусканием, текущая позиция стола -66880
22:09:18 Старт прожига
22:09:18 -66910 619 Прожиг
22:10:22 Отсыпка слоя c опусканием, текущая позиция стола -66910
22:10:31 Старт прожига
22:10:31 -66939 620 Прожиг
22:11:41 Отсыпка слоя c опусканием, текущая позиция стола -66940
22:11:50 Старт прожига
22:11:50 -66971 621 Прожиг
22:12:56 Отсыпка слоя c опусканием, текущая позиция стола -66971
22:13:05 Старт прожига
22:13:05 -67000 622 Прожиг
22:14:15 Отсыпка слоя c опусканием, текущая позиция стола -67000
22:14:25 Старт прожига
22:14:25 -67030 623 Прожиг
22:15:34 Отсыпка слоя c опусканием, текущая позиция стола -67030
22:15:43 Старт прожига
22:15:43 -67060 624 Прожиг
22:16:47 Отсыпка слоя c опусканием, текущая позиция стола -67060
22:16:56 Старт прожига
22:16:56 -67090 625 Прожиг
22:18:06 Отсыпка слоя c опусканием, текущая позиция стола -67090
22:18:15 Старт прожига
22:18:15 -67120 626 Прожиг
22:19:22 Отсыпка слоя c опусканием, текущая позиция стола -67120
22:19:32 Старт прожига
22:19:32 -67150 627 Прожиг
22:20:35 Отсыпка слоя c опусканием, текущая позиция стола -67150
22:20:44 Старт прожига
22:20:44 -67180 628 Прожиг
22:21:54 Отсыпка слоя c опусканием, текущая позиция стола -67180
22:22:03 Старт прожига
22:22:04 -67210 629 Прожиг
22:23:10 Отсыпка слоя c опусканием, текущая позиция стола -67210
22:23:19 Старт прожига
22:23:20 -67240 630 Прожиг
22:24:29 Отсыпка слоя c опусканием, текущая позиция стола -67240
22:24:38 Старт прожига
22:24:38 -67269 631 Прожиг
22:25:48 Отсыпка слоя c опусканием, текущая позиция стола -67269
22:25:57 Старт прожига
22:25:57 -67300 632 Прожиг
22:27:03 Отсыпка слоя c опусканием, текущая позиция стола -67300
22:27:12 Старт прожига
22:27:12 -67330 633 Прожиг
22:28:22 Отсыпка слоя c опусканием, текущая позиция стола -67330
22:28:31 Старт прожига
22:28:32 -67360 634 Прожиг
22:29:39 Отсыпка слоя c опусканием, текущая позиция стола -67360
22:29:48 Старт прожига
22:29:49 -67390 635 Прожиг
22:30:53 Отсыпка слоя c опусканием, текущая позиция стола -67390
22:31:02 Старт прожига
22:31:02 -67420 636 Прожиг
22:32:12 Отсыпка слоя c опусканием, текущая позиция стола -67420
22:32:21 Старт прожига
22:32:21 -67450 637 Прожиг
22:33:29 Отсыпка слоя c опусканием, текущая позиция стола -67450
22:33:38 Старт прожига
22:33:38 -67480 638 Прожиг
22:34:34 Отсыпка слоя c опусканием, текущая позиция стола -67480
22:34:43 Старт прожига
22:34:43 -67509 639 Прожиг
22:35:46 Отсыпка слоя c опусканием, текущая позиция стола -67510
22:35:55 Старт прожига
22:35:55 -67540 640 Прожиг
22:36:54 Отсыпка слоя c опусканием, текущая позиция стола -67540
22:37:03 Старт прожига
22:37:03 -67570 641 Прожиг
22:38:05 Отсыпка слоя c опусканием, текущая позиция стола -67570
22:38:14 Старт прожига
22:38:14 -67600 642 Прожиг
22:39:16 Отсыпка слоя c опусканием, текущая позиция стола -67600
22:39:25 Старт прожига
22:39:25 -67630 643 Прожиг
22:40:22 Отсыпка слоя c опусканием, текущая позиция стола -67630
22:40:31 Старт прожига
22:40:31 -67660 644 Прожиг
22:41:34 Отсыпка слоя c опусканием, текущая позиция стола -67660
22:41:43 Старт прожига
22:41:43 -67690 645 Прожиг
22:42:42 Отсыпка слоя c опусканием, текущая позиция стола -67690
22:42:52 Старт прожига
22:42:52 -67720 646 Прожиг
22:43:48 Отсыпка слоя c опусканием, текущая позиция стола -67720
22:43:57 Старт прожига
22:43:58 -67749 647 Прожиг
22:45:00 Отсыпка слоя c опусканием, текущая позиция стола -67749
22:45:09 Старт прожига
22:45:09 -67780 648 Прожиг
22:46:09 Отсыпка слоя c опусканием, текущая позиция стола -67780
22:46:18 Старт прожига
22:46:18 -67810 649 Прожиг
22:47:15 Отсыпка слоя c опусканием, текущая позиция стола -67810
22:47:24 Старт прожига
22:47:24 -67840 650 Прожиг
22:48:26 Отсыпка слоя c опусканием, текущая позиция стола -67840
22:48:35 Старт прожига
22:48:35 -67870 651 Прожиг
22:49:34 Отсыпка слоя c опусканием, текущая позиция стола -67869
22:49:43 Старт прожига
22:49:43 -67899 652 Прожиг
22:50:45 Отсыпка слоя c опусканием, текущая позиция стола -67899
22:50:54 Старт прожига
22:50:54 -67930 653 Прожиг
22:52:03 Отсыпка слоя c опусканием, текущая позиция стола -67930
22:52:13 Старт прожига
22:52:13 -67960 654 Прожиг
22:53:18 Отсыпка слоя c опусканием, текущая позиция стола -67960
22:53:28 Старт прожига
22:53:28 -67990 655 Прожиг
22:54:38 Отсыпка слоя c опусканием, текущая позиция стола -67990
22:54:47 Старт прожига
22:54:47 -68019 656 Прожиг
22:55:54 Отсыпка слоя c опусканием, текущая позиция стола -68020
22:56:03 Старт прожига
22:56:03 -68049 657 Прожиг
22:57:07 Отсыпка слоя c опусканием, текущая позиция стола -68050
22:57:16 Старт прожига
22:57:16 -68080 658 Прожиг
22:58:26 Отсыпка слоя c опусканием, текущая позиция стола -68080
22:58:35 Старт прожига
22:58:35 -68110 659 Прожиг
22:59:42 Отсыпка слоя c опусканием, текущая позиция стола -68110
22:59:51 Старт прожига
22:59:52 -68140 660 Прожиг
23:01:01 Отсыпка слоя c опусканием, текущая позиция стола -68140
23:01:10 Старт прожига
23:01:10 -68170 661 Прожиг
23:02:20 Отсыпка слоя c опусканием, текущая позиция стола -68169
23:02:29 Старт прожига
23:02:29 -68200 662 Прожиг
23:03:34 Отсыпка слоя c опусканием, текущая позиция стола -68200
23:03:43 Старт прожига
23:03:43 -68230 663 Прожиг
23:04:53 Отсыпка слоя c опусканием, текущая позиция стола -68230
23:05:02 Старт прожига
23:05:03 -68260 664 Прожиг
23:06:10 Отсыпка слоя c опусканием, текущая позиция стола -68260
23:06:19 Старт прожига
23:06:19 -68290 665 Прожиг
23:07:23 Отсыпка слоя c опусканием, текущая позиция стола -68290
23:07:32 Старт прожига
23:07:33 -68320 666 Прожиг
23:08:42 Отсыпка слоя c опусканием, текущая позиция стола -68320
23:08:51 Старт прожига
23:08:51 -68350 667 Прожиг
23:09:59 Отсыпка слоя c опусканием, текущая позиция стола -68350
23:10:08 Старт прожига
23:10:08 -68379 668 Прожиг
23:11:12 Отсыпка слоя c опусканием, текущая позиция стола -68380
23:11:21 Старт прожига
23:11:21 -68410 669 Прожиг
23:12:31 Отсыпка слоя c опусканием, текущая позиция стола -68410
23:12:40 Старт прожига
23:12:40 -68439 670 Прожиг
23:13:46 Отсыпка слоя c опусканием, текущая позиция стола -68440
23:13:55 Старт прожига
23:13:55 -68470 671 Прожиг
23:15:05 Отсыпка слоя c опусканием, текущая позиция стола -68470
23:15:14 Старт прожига
23:15:14 -68500 672 Прожиг
23:16:23 Отсыпка слоя c опусканием, текущая позиция стола -68500
23:16:32 Старт прожига
23:16:32 -68530 673 Прожиг
23:17:37 Отсыпка слоя c опусканием, текущая позиция стола -68530
23:17:46 Старт прожига
23:17:46 -68560 674 Прожиг
23:18:56 Отсыпка слоя c опусканием, текущая позиция стола -68560
23:19:05 Старт прожига
23:19:05 -68590 675 Прожиг
23:20:12 Отсыпка слоя c опусканием, текущая позиция стола -68590
23:20:21 Старт прожига
23:20:21 -68620 676 Прожиг
23:21:25 Отсыпка слоя c опусканием, текущая позиция стола -68620
23:21:34 Старт прожига
23:21:34 -68650 677 Прожиг
23:22:44 Отсыпка слоя c опусканием, текущая позиция стола -68650
23:22:53 Старт прожига
23:22:53 -68680 678 Прожиг
23:24:01 Отсыпка слоя c опусканием, текущая позиция стола -68680
23:24:10 Старт прожига
23:24:10 -68710 679 Прожиг
23:25:13 Отсыпка слоя c опусканием, текущая позиция стола -68710
23:25:23 Старт прожига
23:25:23 -68740 680 Прожиг
23:26:32 Отсыпка слоя c опусканием, текущая позиция стола -68740
23:26:41 Старт прожига
23:26:41 -68770 681 Прожиг
23:27:47 Отсыпка слоя c опусканием, текущая позиция стола -68771
23:27:56 Старт прожига
23:27:56 -68799 682 Прожиг
23:29:06 Отсыпка слоя c опусканием, текущая позиция стола -68800
23:29:15 Старт прожига
23:29:15 -68830 683 Прожиг
23:30:24 Отсыпка слоя c опусканием, текущая позиция стола -68830
23:30:33 Старт прожига
23:30:33 -68860 684 Прожиг
23:31:37 Отсыпка слоя c опусканием, текущая позиция стола -68860
23:31:46 Старт прожига
23:31:46 -68890 685 Прожиг
23:32:56 Отсыпка слоя c опусканием, текущая позиция стола -68890
23:33:05 Старт прожига
23:33:05 -68920 686 Прожиг
23:34:12 Отсыпка слоя c опусканием, текущая позиция стола -68920
23:34:21 Старт прожига
23:34:21 -68949 687 Прожиг
23:35:25 Отсыпка слоя c опусканием, текущая позиция стола -68950
23:35:34 Старт прожига
23:35:34 -68979 688 Прожиг
23:36:43 Отсыпка слоя c опусканием, текущая позиция стола -68980
23:36:53 Старт прожига
23:36:53 -69010 689 Прожиг
23:37:59 Отсыпка слоя c опусканием, текущая позиция стола -69010
23:38:08 Старт прожига
23:38:08 -69040 690 Прожиг
23:39:18 Отсыпка слоя c опусканием, текущая позиция стола -69040
23:39:27 Старт прожига
23:39:27 -69070 691 Прожиг
23:40:36 Отсыпка слоя c опусканием, текущая позиция стола -69070
23:40:45 Старт прожига
23:40:45 -69100 692 Прожиг
23:41:51 Отсыпка слоя c опусканием, текущая позиция стола -69100
23:42:00 Старт прожига
23:42:00 -69130 693 Прожиг
23:43:09 Отсыпка слоя c опусканием, текущая позиция стола -69130
23:43:19 Старт прожига
23:43:19 -69159 694 Прожиг
23:44:26 Отсыпка слоя c опусканием, текущая позиция стола -69160
23:44:35 Старт прожига
23:44:35 -69190 695 Прожиг
23:45:39 Отсыпка слоя c опусканием, текущая позиция стола -69190
23:45:48 Старт прожига
23:45:48 -69220 696 Прожиг
23:46:50 Отсыпка слоя c опусканием, текущая позиция стола -69220
23:46:59 Старт прожига
23:46:59 -69250 697 Прожиг
23:47:59 Отсыпка слоя c опусканием, текущая позиция стола -69250
23:48:08 Старт прожига
23:48:08 -69280 698 Прожиг
23:49:04 Отсыпка слоя c опусканием, текущая позиция стола -69280
23:49:13 Старт прожига
23:49:13 -69310 699 Прожиг
23:50:15 Отсыпка слоя c опусканием, текущая позиция стола -69310
23:50:24 Старт прожига
23:50:25 -69340 700 Прожиг
23:51:23 Отсыпка слоя c опусканием, текущая позиция стола -69340
23:51:32 Старт прожига
23:51:32 -69370 701 Прожиг
23:52:34 Отсыпка слоя c опусканием, текущая позиция стола -69370
23:52:43 Старт прожига
23:52:43 -69400 702 Прожиг
23:53:44 Отсыпка слоя c опусканием, текущая позиция стола -69400
23:53:54 Старт прожига
23:53:54 -69430 703 Прожиг
23:54:51 Отсыпка слоя c опусканием, текущая позиция стола -69430
23:55:00 Старт прожига
23:55:00 -69460 704 Прожиг
23:56:02 Отсыпка слоя c опусканием, текущая позиция стола -69460
23:56:11 Старт прожига
23:56:11 -69490 705 Прожиг
23:57:10 Отсыпка слоя c опусканием, текущая позиция стола -69490
23:57:20 Старт прожига
23:57:20 -69520 706 Прожиг
23:58:16 Отсыпка слоя c опусканием, текущая позиция стола -69520
23:58:25 Старт прожига
23:58:25 -69550 707 Прожиг
23:59:27 Отсыпка слоя c опусканием, текущая позиция стола -69551
23:59:36 Старт прожига
23:59:36 -69580 708 Прожиг
00:00:36 Отсыпка слоя c опусканием, текущая позиция стола -69580
00:00:45 Старт прожига
00:00:45 -69610 709 Прожиг
00:01:41 Отсыпка слоя c опусканием, текущая позиция стола -69610
00:01:50 Старт прожига
00:01:50 -69640 710 Прожиг
00:02:52 Отсыпка слоя c опусканием, текущая позиция стола -69640
00:03:01 Старт прожига
00:03:01 -69670 711 Прожиг
00:04:06 Отсыпка слоя c опусканием, текущая позиция стола -69670
00:04:16 Старт прожига
00:04:16 -69700 712 Прожиг
00:05:25 Отсыпка слоя c опусканием, текущая позиция стола -69700
00:05:34 Старт прожига
00:05:34 -69730 713 Прожиг
00:06:43 Отсыпка слоя c опусканием, текущая позиция стола -69730
00:06:52 Старт прожига
00:06:52 -69760 714 Прожиг
00:07:56 Отсыпка слоя c опусканием, текущая позиция стола -69760
00:08:05 Старт прожига
00:08:05 -69790 715 Прожиг
00:09:15 Отсыпка слоя c опусканием, текущая позиция стола -69790
00:09:24 Старт прожига
00:09:24 -69820 716 Прожиг
00:10:30 Отсыпка слоя c опусканием, текущая позиция стола -69820
00:10:39 Старт прожига
00:10:40 -69849 717 Прожиг
00:11:43 Отсыпка слоя c опусканием, текущая позиция стола -69850
00:11:52 Старт прожига
00:11:52 -69879 718 Прожиг
00:13:02 Отсыпка слоя c опусканием, текущая позиция стола -69880
00:13:11 Старт прожига
00:13:11 -69910 719 Прожиг
00:14:17 Отсыпка слоя c опусканием, текущая позиция стола -69910
00:14:27 Старт прожига
00:14:27 -69939 720 Прожиг
00:15:36 Отсыпка слоя c опусканием, текущая позиция стола -69940
00:15:45 Старт прожига
00:15:45 -69969 721 Прожиг
00:16:54 Отсыпка слоя c опусканием, текущая позиция стола -69970
00:17:03 Старт прожига
00:17:03 -69999 722 Прожиг
00:18:08 Отсыпка слоя c опусканием, текущая позиция стола -70000
00:18:17 Старт прожига
00:18:17 -70029 723 Прожиг
00:19:27 Отсыпка слоя c опусканием, текущая позиция стола -70030
00:19:36 Старт прожига
00:19:36 -70060 724 Прожиг
00:20:43 Отсыпка слоя c опусканием, текущая позиция стола -70060
00:20:52 Старт прожига
00:20:52 -70089 725 Прожиг
00:21:52 Отсыпка слоя c опусканием, текущая позиция стола -70090
00:22:01 Старт прожига
00:22:01 -70119 726 Прожиг
00:23:06 Отсыпка слоя c опусканием, текущая позиция стола -70120
00:23:15 Старт прожига
00:23:15 -70150 727 Прожиг
00:24:19 Отсыпка слоя c опусканием, текущая позиция стола -70150
00:24:28 Старт прожига
00:24:28 -70180 728 Прожиг
00:25:27 Отсыпка слоя c опусканием, текущая позиция стола -70180
00:25:35 Старт прожига
00:25:35 -70210 729 Прожиг
00:26:40 Отсыпка слоя c опусканием, текущая позиция стола -70210
00:26:50 Старт прожига
00:26:50 -70240 730 Прожиг
00:27:51 Отсыпка слоя c опусканием, текущая позиция стола -70240
00:28:01 Старт прожига
00:28:01 -70270 731 Прожиг
00:29:06 Отсыпка слоя c опусканием, текущая позиция стола -70270
00:29:15 Старт прожига
00:29:15 -70300 732 Прожиг
00:30:20 Отсыпка слоя c опусканием, текущая позиция стола -70300
00:30:29 Старт прожига
00:30:29 -70330 733 Прожиг
00:31:27 Отсыпка слоя c опусканием, текущая позиция стола -70330
00:31:37 Старт прожига
00:31:37 -70360 734 Прожиг
00:32:40 Отсыпка слоя c опусканием, текущая позиция стола -70360
00:32:49 Старт прожига
00:32:49 -70390 735 Прожиг
00:33:50 Отсыпка слоя c опусканием, текущая позиция стола -70390
00:33:59 Старт прожига
00:33:59 -70420 736 Прожиг
00:34:57 Отсыпка слоя c опусканием, текущая позиция стола -70420
00:35:06 Старт прожига
00:35:06 -70450 737 Прожиг
00:36:09 Отсыпка слоя c опусканием, текущая позиция стола -70450
00:36:18 Старт прожига
00:36:18 -70480 738 Прожиг
00:37:19 Отсыпка слоя c опусканием, текущая позиция стола -70480
00:37:29 Старт прожига
00:37:29 -70510 739 Прожиг
00:38:26 Отсыпка слоя c опусканием, текущая позиция стола -70510
00:38:35 Старт прожига
00:38:35 -70540 740 Прожиг
00:39:38 Отсыпка слоя c опусканием, текущая позиция стола -70540
00:39:47 Старт прожига
00:39:47 -70570 741 Прожиг
00:40:47 Отсыпка слоя c опусканием, текущая позиция стола -70570
00:40:56 Старт прожига
00:40:56 -70600 742 Прожиг
00:41:59 Отсыпка слоя c опусканием, текущая позиция стола -70600
00:42:08 Старт прожига
00:42:08 -70630 743 Прожиг
00:43:11 Отсыпка слоя c опусканием, текущая позиция стола -70630
00:43:20 Старт прожига
00:43:20 -70660 744 Прожиг
00:44:18 Отсыпка слоя c опусканием, текущая позиция стола -70660
00:44:27 Старт прожига
00:44:27 -70690 745 Прожиг
00:45:30 Отсыпка слоя c опусканием, текущая позиция стола -70690
00:45:39 Старт прожига
00:45:39 -70720 746 Прожиг
00:46:40 Отсыпка слоя c опусканием, текущая позиция стола -70720
00:46:49 Старт прожига
00:46:49 -70750 747 Прожиг
00:47:46 Отсыпка слоя c опусканием, текущая позиция стола -70750
00:47:56 Старт прожига
00:47:56 -70780 748 Прожиг
00:48:59 Отсыпка слоя c опусканием, текущая позиция стола -70780
00:49:08 Старт прожига
00:49:08 -70810 749 Прожиг
00:50:08 Отсыпка слоя c опусканием, текущая позиция стола -70810
00:50:18 Старт прожига
00:50:18 -70840 750 Прожиг
00:51:20 Отсыпка слоя c опусканием, текущая позиция стола -70840
00:51:29 Старт прожига
00:51:30 -70870 751 Прожиг
00:52:32 Отсыпка слоя c опусканием, текущая позиция стола -70870
00:52:42 Старт прожига
00:52:42 -70900 752 Прожиг
00:53:41 Отсыпка слоя c опусканием, текущая позиция стола -70900
00:53:50 Старт прожига
00:53:50 -70929 753 Прожиг
00:54:53 Отсыпка слоя c опусканием, текущая позиция стола -70930
00:55:02 Старт прожига
00:55:02 -70960 754 Прожиг
00:56:02 Отсыпка слоя c опусканием, текущая позиция стола -70960
00:56:11 Старт прожига
00:56:11 -70990 755 Прожиг
00:57:07 Отсыпка слоя c опусканием, текущая позиция стола -70990
00:57:16 Старт прожига
00:57:16 -71020 756 Прожиг
00:58:18 Отсыпка слоя c опусканием, текущая позиция стола -71020
00:58:27 Старт прожига
00:58:27 -71050 757 Прожиг
00:59:27 Отсыпка слоя c опусканием, текущая позиция стола -71050
00:59:36 Старт прожига
00:59:36 -71080 758 Прожиг
01:00:32 Отсыпка слоя c опусканием, текущая позиция стола -71080
01:00:41 Старт прожига
01:00:41 -71110 759 Прожиг
01:01:42 Отсыпка слоя c опусканием, текущая позиция стола -71110
01:01:52 Старт прожига
01:01:52 -71140 760 Прожиг
01:02:50 Отсыпка слоя c опусканием, текущая позиция стола -71140
01:02:59 Старт прожига
01:02:59 -71169 761 Прожиг
01:04:00 Отсыпка слоя c опусканием, текущая позиция стола -71169
01:04:10 Старт прожига
01:04:10 -71200 762 Прожиг
01:05:11 Отсыпка слоя c опусканием, текущая позиция стола -71200
01:05:20 Старт прожига
01:05:20 -71230 763 Прожиг
01:06:17 Отсыпка слоя c опусканием, текущая позиция стола -71230
01:06:26 Старт прожига
01:06:26 -71259 764 Прожиг
01:07:27 Отсыпка слоя c опусканием, текущая позиция стола -71260
01:07:36 Старт прожига
01:07:36 -71290 765 Прожиг
01:08:35 Отсыпка слоя c опусканием, текущая позиция стола -71290
01:08:45 Старт прожига
01:08:45 -71320 766 Прожиг
01:09:41 Отсыпка слоя c опусканием, текущая позиция стола -71320
01:09:50 Старт прожига
01:09:50 -71350 767 Прожиг
01:10:54 Отсыпка слоя c опусканием, текущая позиция стола -71350
01:11:03 Старт прожига
01:11:03 -71380 768 Прожиг
01:12:05 Отсыпка слоя c опусканием, текущая позиция стола -71380
01:12:14 Старт прожига
01:12:14 -71410 769 Прожиг
01:13:16 Отсыпка слоя c опусканием, текущая позиция стола -71410
01:13:25 Старт прожига
01:13:25 -71440 770 Прожиг
01:14:33 Отсыпка слоя c опусканием, текущая позиция стола -71440
01:14:42 Старт прожига
01:14:42 -71470 771 Прожиг
01:15:48 Отсыпка слоя c опусканием, текущая позиция стола -71470
01:15:57 Старт прожига
01:15:57 -71500 772 Прожиг
01:17:07 Отсыпка слоя c опусканием, текущая позиция стола -71500
01:17:16 Старт прожига
01:17:16 -71530 773 Прожиг
01:18:25 Отсыпка слоя c опусканием, текущая позиция стола -71529
01:18:34 Старт прожига
01:18:34 -71560 774 Прожиг
01:19:39 Отсыпка слоя c опусканием, текущая позиция стола -71560
01:19:48 Старт прожига
01:19:48 -71589 775 Прожиг
01:20:59 Отсыпка слоя c опусканием, текущая позиция стола -71590
01:21:08 Старт прожига
01:21:08 -71620 776 Прожиг
01:22:16 Отсыпка слоя c опусканием, текущая позиция стола -71620
01:22:25 Старт прожига
01:22:25 -71650 777 Прожиг
01:23:30 Отсыпка слоя c опусканием, текущая позиция стола -71650
01:23:40 Старт прожига
01:23:40 -71680 778 Прожиг
01:24:51 Отсыпка слоя c опусканием, текущая позиция стола -71680
01:25:00 Старт прожига
01:25:00 -71710 779 Прожиг
01:26:09 Отсыпка слоя c опусканием, текущая позиция стола -71710
01:26:18 Старт прожига
01:26:18 -71740 780 Прожиг
01:27:30 Отсыпка слоя c опусканием, текущая позиция стола -71740
01:27:39 Старт прожига
01:27:39 -71770 781 Прожиг
01:28:50 Отсыпка слоя c опусканием, текущая позиция стола -71770
01:28:59 Старт прожига
01:28:59 -71800 782 Прожиг
01:30:07 Отсыпка слоя c опусканием, текущая позиция стола -71800
01:30:16 Старт прожига
01:30:17 -71830 783 Прожиг
01:31:28 Отсыпка слоя c опусканием, текущая позиция стола -71830
01:31:37 Старт прожига
01:31:37 -71860 784 Прожиг
01:32:47 Отсыпка слоя c опусканием, текущая позиция стола -71860
01:32:56 Старт прожига
01:32:56 -71890 785 Прожиг
01:34:03 Отсыпка слоя c опусканием, текущая позиция стола -71890
01:34:12 Старт прожига
01:34:12 -71920 786 Прожиг
01:35:24 Отсыпка слоя c опусканием, текущая позиция стола -71920
01:35:33 Старт прожига
01:35:33 -71950 787 Прожиг
01:36:43 Отсыпка слоя c опусканием, текущая позиция стола -71950
01:36:52 Старт прожига
01:36:52 -71980 788 Прожиг
01:37:58 Отсыпка слоя c опусканием, текущая позиция стола -71980
01:38:07 Старт прожига
01:38:07 -72010 789 Прожиг
01:39:18 Отсыпка слоя c опусканием, текущая позиция стола -72010
01:39:27 Старт прожига
01:39:27 -72040 790 Прожиг
01:40:35 Отсыпка слоя c опусканием, текущая позиция стола -72040
01:40:44 Старт прожига
01:40:44 -72070 791 Прожиг
01:41:55 Отсыпка слоя c опусканием, текущая позиция стола -72070
01:42:04 Старт прожига
01:42:04 -72100 792 Прожиг
01:43:16 Отсыпка слоя c опусканием, текущая позиция стола -72100
01:43:25 Старт прожига
01:43:25 -72131 793 Прожиг
01:44:33 Отсыпка слоя c опусканием, текущая позиция стола -72131
01:44:42 Старт прожига
01:44:42 -72160 794 Прожиг
01:45:53 Отсыпка слоя c опусканием, текущая позиция стола -72160
01:46:02 Старт прожига
01:46:02 -72190 795 Прожиг
01:47:11 Отсыпка слоя c опусканием, текущая позиция стола -72190
01:47:20 Старт прожига
01:47:21 -72220 796 Прожиг
01:48:26 Отсыпка слоя c опусканием, текущая позиция стола -72220
01:48:35 Старт прожига
01:48:35 -72250 797 Прожиг
01:49:44 Отсыпка слоя c опусканием, текущая позиция стола -72250
01:49:53 Старт прожига
01:49:53 -72280 798 Прожиг
01:51:00 Отсыпка слоя c опусканием, текущая позиция стола -72280
01:51:09 Старт прожига
01:51:09 -72310 799 Прожиг
01:52:10 Отсыпка слоя c опусканием, текущая позиция стола -72310
01:52:20 Старт прожига
01:52:20 -72340 800 Прожиг
01:53:26 Отсыпка слоя c опусканием, текущая позиция стола -72340
01:53:36 -72370 801 Прожиг
01:54:39 Отсыпка слоя c опусканием, текущая позиция стола -72370
01:54:48 Старт прожига
01:54:48 -72400 802 Прожиг
01:55:54 Отсыпка слоя c опусканием, текущая позиция стола -72400
01:56:03 Старт прожига
01:56:04 -72430 803 Прожиг
01:57:09 Отсыпка слоя c опусканием, текущая позиция стола -72430
01:57:19 Старт прожига
01:57:19 -72460 804 Прожиг
01:58:20 Отсыпка слоя c опусканием, текущая позиция стола -72460
01:58:29 Старт прожига
01:58:29 -72490 805 Прожиг
01:59:36 Отсыпка слоя c опусканием, текущая позиция стола -72490
01:59:45 Старт прожига
01:59:45 -72520 806 Прожиг
02:00:49 Отсыпка слоя c опусканием, текущая позиция стола -72520
02:00:58 Старт прожига
02:00:58 -72550 807 Прожиг
02:01:59 Отсыпка слоя c опусканием, текущая позиция стола -72550
02:02:08 Старт прожига
02:02:08 -72580 808 Прожиг
02:03:14 Отсыпка слоя c опусканием, текущая позиция стола -72580
02:03:24 Старт прожига
02:03:25 -72610 809 Прожиг
02:04:28 Отсыпка слоя c опусканием, текущая позиция стола -72610
02:04:37 Старт прожига
02:04:37 -72640 810 Прожиг
02:05:43 Отсыпка слоя c опусканием, текущая позиция стола -72639
02:05:54 Старт прожига
02:05:54 -72669 811 Прожиг
02:06:59 Отсыпка слоя c опусканием, текущая позиция стола -72670
02:07:09 Старт прожига
02:07:09 -72699 812 Прожиг
02:08:09 Отсыпка слоя c опусканием, текущая позиция стола -72700
02:08:18 Старт прожига
02:08:19 -72730 813 Прожиг
02:09:23 Отсыпка слоя c опусканием, текущая позиция стола -72730
02:09:32 Старт прожига
02:09:32 -72760 814 Прожиг
02:10:35 Отсыпка слоя c опусканием, текущая позиция стола -72760
02:10:44 Старт прожига
02:10:44 -72790 815 Прожиг
02:11:43 Отсыпка слоя c опусканием, текущая позиция стола -72790
02:11:52 Старт прожига
02:11:52 -72820 816 Прожиг
02:12:56 Отсыпка слоя c опусканием, текущая позиция стола -72820
02:13:05 Старт прожига
02:13:06 -72850 817 Прожиг
02:14:17 Отсыпка слоя c опусканием, текущая позиция стола -72850
02:14:26 Старт прожига
02:14:26 -72880 818 Прожиг
02:15:37 Отсыпка слоя c опусканием, текущая позиция стола -72880
02:15:46 Старт прожига
02:15:46 -72910 819 Прожиг
02:16:57 Отсыпка слоя c опусканием, текущая позиция стола -72910
02:17:06 Старт прожига
02:17:07 -72940 820 Прожиг
02:18:18 Отсыпка слоя c опусканием, текущая позиция стола -72940
02:18:27 Старт прожига
02:18:27 -72970 821 Прожиг
02:19:39 Отсыпка слоя c опусканием, текущая позиция стола -72970
02:19:48 Старт прожига
02:19:48 -73000 822 Прожиг
02:20:59 Отсыпка слоя c опусканием, текущая позиция стола -73000
02:21:08 Старт прожига
02:21:08 -73028 823 Прожиг
02:22:18 Отсыпка слоя c опусканием, текущая позиция стола -73029
02:22:27 Старт прожига
02:22:27 -73060 824 Прожиг
02:23:38 Отсыпка слоя c опусканием, текущая позиция стола -73060
02:23:47 Старт прожига
02:23:47 -73090 825 Прожиг
02:24:57 Отсыпка слоя c опусканием, текущая позиция стола -73090
02:25:06 Старт прожига
02:25:06 -73120 826 Прожиг
02:26:16 Отсыпка слоя c опусканием, текущая позиция стола -73120
02:26:25 Старт прожига
02:26:25 -73150 827 Прожиг
02:27:37 Отсыпка слоя c опусканием, текущая позиция стола -73150
02:27:46 Старт прожига
02:27:46 -73179 828 Прожиг
02:28:57 Отсыпка слоя c опусканием, текущая позиция стола -73180
02:29:06 Старт прожига
02:29:06 -73210 829 Прожиг
02:30:16 Отсыпка слоя c опусканием, текущая позиция стола -73210
02:30:25 Старт прожига
02:30:25 -73240 830 Прожиг
02:31:34 Отсыпка слоя c опусканием, текущая позиция стола -73240
02:31:44 Старт прожига
02:31:44 -73270 831 Прожиг
02:32:52 Отсыпка слоя c опусканием, текущая позиция стола -73270
02:33:01 Старт прожига
02:33:01 -73300 832 Прожиг
02:34:08 Отсыпка слоя c опусканием, текущая позиция стола -73300
02:34:17 Старт прожига
02:34:18 -73330 833 Прожиг
02:35:23 Отсыпка слоя c опусканием, текущая позиция стола -73330
02:35:32 Старт прожига
02:35:32 -73359 834 Прожиг
02:36:37 Отсыпка слоя c опусканием, текущая позиция стола -73360
02:36:46 Старт прожига
02:36:46 -73390 835 Прожиг
02:37:51 Отсыпка слоя c опусканием, текущая позиция стола -73390
02:38:00 Старт прожига
02:38:00 -73420 836 Прожиг
02:39:05 Отсыпка слоя c опусканием, текущая позиция стола -73420
02:39:14 Старт прожига
02:39:14 -73450 837 Прожиг
02:40:19 Отсыпка слоя c опусканием, текущая позиция стола -73450
02:40:28 Старт прожига
02:40:28 -73480 838 Прожиг
02:41:33 Отсыпка слоя c опусканием, текущая позиция стола -73480
02:41:42 Старт прожига
02:41:42 -73510 839 Прожиг
02:42:48 Отсыпка слоя c опусканием, текущая позиция стола -73510
02:42:57 Старт прожига
02:42:57 -73539 840 Прожиг
02:44:03 Отсыпка слоя c опусканием, текущая позиция стола -73540
02:44:12 Старт прожига
02:44:12 -73569 841 Прожиг
02:45:17 Отсыпка слоя c опусканием, текущая позиция стола -73570
02:45:27 Старт прожига
02:45:27 -73600 842 Прожиг
02:46:32 Отсыпка слоя c опусканием, текущая позиция стола -73600
02:46:41 Старт прожига
02:46:41 -73630 843 Прожиг
02:47:47 Отсыпка слоя c опусканием, текущая позиция стола -73630
02:47:56 Старт прожига
02:47:56 -73659 844 Прожиг
02:49:02 Отсыпка слоя c опусканием, текущая позиция стола -73660
02:49:11 Старт прожига
02:49:11 -73690 845 Прожиг
02:50:16 Отсыпка слоя c опусканием, текущая позиция стола -73690
02:50:25 Старт прожига
02:50:25 -73720 846 Прожиг
02:51:30 Отсыпка слоя c опусканием, текущая позиция стола -73720
02:51:39 Старт прожига
02:51:39 -73750 847 Прожиг
02:52:45 Отсыпка слоя c опусканием, текущая позиция стола -73750
02:52:55 Старт прожига
02:52:55 -73780 848 Прожиг
02:53:59 Отсыпка слоя c опусканием, текущая позиция стола -73780
02:54:08 Старт прожига
02:54:08 -73810 849 Прожиг
02:55:14 Отсыпка слоя c опусканием, текущая позиция стола -73810
02:55:23 Старт прожига
02:55:23 -73839 850 Прожиг
02:56:29 Отсыпка слоя c опусканием, текущая позиция стола -73840
02:56:38 Старт прожига
02:56:39 -73869 851 Прожиг
02:57:44 Отсыпка слоя c опусканием, текущая позиция стола -73870
02:57:54 Старт прожига
02:57:54 -73900 852 Прожиг
02:59:00 Отсыпка слоя c опусканием, текущая позиция стола -73900
02:59:09 Старт прожига
02:59:09 -73930 853 Прожиг
03:00:15 Отсыпка слоя c опусканием, текущая позиция стола -73930
03:00:24 Старт прожига
03:00:24 -73960 854 Прожиг
03:01:30 Отсыпка слоя c опусканием, текущая позиция стола -73960
03:01:39 Старт прожига
03:01:39 -73990 855 Прожиг
03:02:46 Отсыпка слоя c опусканием, текущая позиция стола -73990
03:02:55 Старт прожига
03:02:55 -74020 856 Прожиг
03:04:00 Отсыпка слоя c опусканием, текущая позиция стола -74020
03:04:09 Старт прожига
03:04:09 -74050 857 Прожиг
03:05:16 Отсыпка слоя c опусканием, текущая позиция стола -74050
03:05:25 Старт прожига
03:05:25 -74080 858 Прожиг
03:06:31 Отсыпка слоя c опусканием, текущая позиция стола -74080
03:06:41 Старт прожига
03:06:41 -74110 859 Прожиг
03:07:46 Отсыпка слоя c опусканием, текущая позиция стола -74110
03:07:56 Старт прожига
03:07:56 -74140 860 Прожиг
03:09:03 Отсыпка слоя c опусканием, текущая позиция стола -74140
03:09:12 Старт прожига
03:09:12 -74170 861 Прожиг
03:10:18 Отсыпка слоя c опусканием, текущая позиция стола -74170
03:10:27 Старт прожига
03:10:27 -74200 862 Прожиг
03:11:34 Отсыпка слоя c опусканием, текущая позиция стола -74200
03:11:43 Старт прожига
03:11:43 -74230 863 Прожиг
03:12:51 Отсыпка слоя c опусканием, текущая позиция стола -74230
03:13:00 Старт прожига
03:13:00 -74260 864 Прожиг
03:14:06 Отсыпка слоя c опусканием, текущая позиция стола -74260
03:14:15 Старт прожига
03:14:15 -74290 865 Прожиг
03:15:22 Отсыпка слоя c опусканием, текущая позиция стола -74290
03:15:31 Старт прожига
03:15:31 -74320 866 Прожиг
03:16:38 Отсыпка слоя c опусканием, текущая позиция стола -74320
03:16:47 Старт прожига
03:16:47 -74350 867 Прожиг
03:17:53 Отсыпка слоя c опусканием, текущая позиция стола -74350
03:18:02 Старт прожига
03:18:02 -74380 868 Прожиг
03:19:10 Отсыпка слоя c опусканием, текущая позиция стола -74380
03:19:19 Старт прожига
03:19:19 -74410 869 Прожиг
03:20:26 Отсыпка слоя c опусканием, текущая позиция стола -74410
03:20:35 Старт прожига
03:20:35 -74440 870 Прожиг
03:21:41 Отсыпка слоя c опусканием, текущая позиция стола -74440
03:21:50 Старт прожига
03:21:50 -74470 871 Прожиг
03:22:56 Отсыпка слоя c опусканием, текущая позиция стола -74470
03:23:05 Старт прожига
03:23:05 -74500 872 Прожиг
03:24:11 Отсыпка слоя c опусканием, текущая позиция стола -74500
03:24:20 Старт прожига
03:24:20 -74530 873 Прожиг
03:25:26 Отсыпка слоя c опусканием, текущая позиция стола -74530
03:25:35 Старт прожига
03:25:35 -74560 874 Прожиг
03:26:41 Отсыпка слоя c опусканием, текущая позиция стола -74560
03:26:50 Старт прожига
03:26:50 -74589 875 Прожиг
03:27:55 Отсыпка слоя c опусканием, текущая позиция стола -74590
03:28:04 Старт прожига
03:28:04 -74620 876 Прожиг
03:29:10 Отсыпка слоя c опусканием, текущая позиция стола -74620
03:29:19 Старт прожига
03:29:20 -74650 877 Прожиг
03:30:26 Отсыпка слоя c опусканием, текущая позиция стола -74650
03:30:35 Старт прожига
03:30:35 -74679 878 Прожиг
03:31:40 Отсыпка слоя c опусканием, текущая позиция стола -74680
03:31:49 Старт прожига
03:31:49 -74710 879 Прожиг
03:32:55 Отсыпка слоя c опусканием, текущая позиция стола -74710
03:33:05 Старт прожига
03:33:05 -74740 880 Прожиг
03:34:11 Отсыпка слоя c опусканием, текущая позиция стола -74740
03:34:20 Старт прожига
03:34:20 -74770 881 Прожиг
03:35:26 Отсыпка слоя c опусканием, текущая позиция стола -74770
03:35:36 Старт прожига
03:35:36 -74799 882 Прожиг
03:36:43 Отсыпка слоя c опусканием, текущая позиция стола -74800
03:36:52 Старт прожига
03:36:52 -74830 883 Прожиг
03:37:57 Отсыпка слоя c опусканием, текущая позиция стола -74830
03:38:07 -74860 884 Прожиг
03:39:13 Отсыпка слоя c опусканием, текущая позиция стола -74860
03:39:22 Старт прожига
03:39:22 -74890 885 Прожиг
03:40:30 Отсыпка слоя c опусканием, текущая позиция стола -74890
03:40:40 Старт прожига
03:40:40 -74920 886 Прожиг
03:41:48 Отсыпка слоя c опусканием, текущая позиция стола -74920
03:41:57 Старт прожига
03:41:57 -74950 887 Прожиг
03:43:05 Отсыпка слоя c опусканием, текущая позиция стола -74950
03:43:14 Старт прожига
03:43:14 -74980 888 Прожиг
03:44:22 Отсыпка слоя c опусканием, текущая позиция стола -74980
03:44:32 Старт прожига
03:44:32 -75009 889 Прожиг
03:45:39 Отсыпка слоя c опусканием, текущая позиция стола -75009
03:45:48 Старт прожига
03:45:48 -75040 890 Прожиг
03:46:56 Отсыпка слоя c опусканием, текущая позиция стола -75040
03:47:06 Старт прожига
03:47:06 -75070 891 Прожиг
03:48:14 Отсыпка слоя c опусканием, текущая позиция стола -75070
03:48:23 Старт прожига
03:48:23 -75100 892 Прожиг
03:49:31 Отсыпка слоя c опусканием, текущая позиция стола -75100
03:49:40 Старт прожига
03:49:41 -75130 893 Прожиг
03:50:50 Отсыпка слоя c опусканием, текущая позиция стола -75130
03:50:59 Старт прожига
03:50:59 -75160 894 Прожиг
03:52:06 Отсыпка слоя c опусканием, текущая позиция стола -75160
03:52:16 Старт прожига
03:52:16 -75191 895 Прожиг
03:53:24 Отсыпка слоя c опусканием, текущая позиция стола -75191
03:53:33 Старт прожига
03:53:34 -75220 896 Прожиг
03:54:42 Отсыпка слоя c опусканием, текущая позиция стола -75220
03:54:52 Старт прожига
03:54:53 -75250 897 Прожиг
03:56:00 Отсыпка слоя c опусканием, текущая позиция стола -75250
03:56:09 Старт прожига
03:56:10 -75280 898 Прожиг
03:57:18 Отсыпка слоя c опусканием, текущая позиция стола -75280
03:57:27 Старт прожига
03:57:27 -75310 899 Прожиг
03:58:37 Отсыпка слоя c опусканием, текущая позиция стола -75310
03:58:46 Старт прожига
03:58:46 -75340 900 Прожиг
03:59:55 Отсыпка слоя c опусканием, текущая позиция стола -75340
04:00:04 Старт прожига
04:00:04 -75370 901 Прожиг
04:01:13 Отсыпка слоя c опусканием, текущая позиция стола -75370
04:01:22 Старт прожига
04:01:22 -75400 902 Прожиг
04:02:31 Отсыпка слоя c опусканием, текущая позиция стола -75399
04:02:40 Старт прожига
04:02:40 -75429 903 Прожиг
04:03:49 Отсыпка слоя c опусканием, текущая позиция стола -75430
04:03:58 Старт прожига
04:03:59 -75460 904 Прожиг
04:05:08 Отсыпка слоя c опусканием, текущая позиция стола -75460
04:05:17 Старт прожига
04:05:17 -75490 905 Прожиг
04:06:26 Отсыпка слоя c опусканием, текущая позиция стола -75490
04:06:35 Старт прожига
04:06:35 -75520 906 Прожиг
04:07:44 Отсыпка слоя c опусканием, текущая позиция стола -75520
04:07:53 Старт прожига
04:07:54 -75550 907 Прожиг
04:09:03 Отсыпка слоя c опусканием, текущая позиция стола -75550
04:09:12 Старт прожига
04:09:12 -75580 908 Прожиг
04:10:21 Отсыпка слоя c опусканием, текущая позиция стола -75580
04:10:30 Старт прожига
04:10:30 -75610 909 Прожиг
04:11:39 Отсыпка слоя c опусканием, текущая позиция стола -75610
04:11:48 Старт прожига
04:11:49 -75640 910 Прожиг
04:12:58 Отсыпка слоя c опусканием, текущая позиция стола -75640
04:13:07 Старт прожига
04:13:07 -75670 911 Прожиг
04:14:17 Отсыпка слоя c опусканием, текущая позиция стола -75670
04:14:26 Старт прожига
04:14:26 -75700 912 Прожиг
04:15:36 Отсыпка слоя c опусканием, текущая позиция стола -75700
04:15:45 Старт прожига
04:15:45 -75730 913 Прожиг
04:16:54 Отсыпка слоя c опусканием, текущая позиция стола -75730
04:17:03 Старт прожига
04:17:03 -75760 914 Прожиг
04:18:13 Отсыпка слоя c опусканием, текущая позиция стола -75760
04:18:22 Старт прожига
04:18:22 -75790 915 Прожиг
04:19:32 Отсыпка слоя c опусканием, текущая позиция стола -75790
04:19:41 Старт прожига
04:19:41 -75821 916 Прожиг
04:20:51 Отсыпка слоя c опусканием, текущая позиция стола -75821
04:21:00 Старт прожига
04:21:00 -75850 917 Прожиг
04:22:10 Отсыпка слоя c опусканием, текущая позиция стола -75850
04:22:19 Старт прожига
04:22:19 -75880 918 Прожиг
04:23:29 Отсыпка слоя c опусканием, текущая позиция стола -75880
04:23:38 Старт прожига
04:23:38 -75910 919 Прожиг
04:24:48 Отсыпка слоя c опусканием, текущая позиция стола -75910
04:24:57 Старт прожига
04:24:57 -75940 920 Прожиг
04:26:07 Отсыпка слоя c опусканием, текущая позиция стола -75940
04:26:16 Старт прожига
04:26:16 -75970 921 Прожиг
04:27:26 Отсыпка слоя c опусканием, текущая позиция стола -75970
04:27:35 Старт прожига
04:27:35 -76000 922 Прожиг
04:28:45 Отсыпка слоя c опусканием, текущая позиция стола -76000
04:28:54 Старт прожига
04:28:54 -76029 923 Прожиг
04:30:05 Отсыпка слоя c опусканием, текущая позиция стола -76030
04:30:14 Старт прожига
04:30:14 -76060 924 Прожиг
04:31:24 Отсыпка слоя c опусканием, текущая позиция стола -76060
04:31:33 Старт прожига
04:31:33 -76090 925 Прожиг
04:32:43 Отсыпка слоя c опусканием, текущая позиция стола -76090
04:32:52 Старт прожига
04:32:52 -76120 926 Прожиг
04:34:03 Отсыпка слоя c опусканием, текущая позиция стола -76120
04:34:12 Старт прожига
04:34:12 -76150 927 Прожиг
04:35:23 Отсыпка слоя c опусканием, текущая позиция стола -76150
04:35:33 Старт прожига
04:35:33 -76180 928 Прожиг
04:36:42 Отсыпка слоя c опусканием, текущая позиция стола -76180
04:36:51 Старт прожига
04:36:51 -76209 929 Прожиг
04:38:00 Отсыпка слоя c опусканием, текущая позиция стола -76210
04:38:09 Старт прожига
04:38:09 -76240 930 Прожиг
04:39:18 Отсыпка слоя c опусканием, текущая позиция стола -76240
04:39:27 Старт прожига
04:39:27 -76270 931 Прожиг
04:40:36 Отсыпка слоя c опусканием, текущая позиция стола -76270
04:40:45 Старт прожига
04:40:45 -76300 932 Прожиг
04:41:54 Отсыпка слоя c опусканием, текущая позиция стола -76300
04:42:03 Старт прожига
04:42:03 -76330 933 Прожиг
04:43:11 Отсыпка слоя c опусканием, текущая позиция стола -76330
04:43:21 Старт прожига
04:43:21 -76360 934 Прожиг
04:44:30 Отсыпка слоя c опусканием, текущая позиция стола -76360
04:44:39 Старт прожига
04:44:39 -76390 935 Прожиг
04:45:47 Отсыпка слоя c опусканием, текущая позиция стола -76390
04:45:56 Старт прожига
04:45:57 -76420 936 Прожиг
04:47:06 Отсыпка слоя c опусканием, текущая позиция стола -76420
04:47:15 Старт прожига
04:47:15 -76450 937 Прожиг
04:48:24 Отсыпка слоя c опусканием, текущая позиция стола -76450
04:48:34 Старт прожига
04:48:34 -76480 938 Прожиг
04:49:43 Отсыпка слоя c опусканием, текущая позиция стола -76480
04:49:52 Старт прожига
04:49:52 -76510 939 Прожиг
04:51:02 Отсыпка слоя c опусканием, текущая позиция стола -76510
04:51:11 Старт прожига
04:51:11 -76540 940 Прожиг
04:52:21 Отсыпка слоя c опусканием, текущая позиция стола -76540
04:52:30 Старт прожига
04:52:30 -76570 941 Прожиг
04:53:39 Отсыпка слоя c опусканием, текущая позиция стола -76570
04:53:48 Старт прожига
04:53:48 -76600 942 Прожиг
04:54:58 Отсыпка слоя c опусканием, текущая позиция стола -76600
04:55:08 Старт прожига
04:55:08 -76630 943 Прожиг
04:56:20 Отсыпка слоя c опусканием, текущая позиция стола -76630
04:56:30 Старт прожига
04:56:30 -76660 944 Прожиг
04:57:41 Отсыпка слоя c опусканием, текущая позиция стола -76660
04:57:51 Старт прожига
04:57:52 -76689 945 Прожиг
04:59:03 Отсыпка слоя c опусканием, текущая позиция стола -76690
04:59:12 Старт прожига
04:59:12 -76720 946 Прожиг
05:00:23 Отсыпка слоя c опусканием, текущая позиция стола -76720
05:00:32 Старт прожига
05:00:32 -76750 947 Прожиг
05:01:44 Отсыпка слоя c опусканием, текущая позиция стола -76750
05:01:53 Старт прожига
05:01:53 -76780 948 Прожиг
05:03:04 Отсыпка слоя c опусканием, текущая позиция стола -76780
05:03:13 Старт прожига
05:03:13 -76810 949 Прожиг
05:04:26 Отсыпка слоя c опусканием, текущая позиция стола -76810
05:04:35 Старт прожига
05:04:35 -76840 950 Прожиг
05:05:46 Отсыпка слоя c опусканием, текущая позиция стола -76840
05:05:57 Старт прожига
05:05:57 -76870 951 Прожиг
05:07:08 Отсыпка слоя c опусканием, текущая позиция стола -76870
05:07:18 Старт прожига
05:07:18 -76900 952 Прожиг
05:08:29 Отсыпка слоя c опусканием, текущая позиция стола -76900
05:08:38 Старт прожига
05:08:38 -76928 953 Прожиг
05:09:50 Отсыпка слоя c опусканием, текущая позиция стола -76930
05:10:00 Старт прожига
05:10:00 -76960 954 Прожиг
05:11:11 Отсыпка слоя c опусканием, текущая позиция стола -76960
05:11:20 Старт прожига
05:11:20 -76990 955 Прожиг
05:12:32 Отсыпка слоя c опусканием, текущая позиция стола -76990
05:12:41 Старт прожига
05:12:41 -77020 956 Прожиг
05:13:53 Отсыпка слоя c опусканием, текущая позиция стола -77020
05:14:03 Старт прожига
05:14:03 -77050 957 Прожиг
05:15:15 Отсыпка слоя c опусканием, текущая позиция стола -77050
05:15:25 Старт прожига
05:15:25 -77080 958 Прожиг
05:16:37 Отсыпка слоя c опусканием, текущая позиция стола -77080
05:16:47 Старт прожига
05:16:47 -77110 959 Прожиг
05:18:00 Отсыпка слоя c опусканием, текущая позиция стола -77110
05:18:10 Старт прожига
05:18:10 -77140 960 Прожиг
05:19:22 Отсыпка слоя c опусканием, текущая позиция стола -77140
05:19:32 Старт прожига
05:19:32 -77170 961 Прожиг
05:20:44 Отсыпка слоя c опусканием, текущая позиция стола -77170
05:20:53 Старт прожига
05:20:54 -77200 962 Прожиг
05:22:05 Отсыпка слоя c опусканием, текущая позиция стола -77200
05:22:14 Старт прожига
05:22:15 -77230 963 Прожиг
05:23:26 Отсыпка слоя c опусканием, текущая позиция стола -77230
05:23:36 Старт прожига
05:23:36 -77260 964 Прожиг
05:24:48 Отсыпка слоя c опусканием, текущая позиция стола -77260
05:24:59 Старт прожига
05:24:59 -77290 965 Прожиг
05:26:10 Отсыпка слоя c опусканием, текущая позиция стола -77290
05:26:20 Старт прожига
05:26:20 -77320 966 Прожиг
05:27:32 Отсыпка слоя c опусканием, текущая позиция стола -77319
05:27:43 Старт прожига
05:27:43 -77351 967 Прожиг
05:28:55 Отсыпка слоя c опусканием, текущая позиция стола -77351
05:29:05 Старт прожига
05:29:05 -77380 968 Прожиг
05:30:18 Отсыпка слоя c опусканием, текущая позиция стола -77380
05:30:27 Старт прожига
05:30:27 -77410 969 Прожиг
05:31:39 Отсыпка слоя c опусканием, текущая позиция стола -77409
05:31:48 Старт прожига
05:31:48 -77440 970 Прожиг
05:33:01 Отсыпка слоя c опусканием, текущая позиция стола -77440
05:33:10 Старт прожига
05:33:10 -77470 971 Прожиг
05:34:23 Отсыпка слоя c опусканием, текущая позиция стола -77470
05:34:32 Старт прожига
05:34:32 -77500 972 Прожиг
05:35:44 Отсыпка слоя c опусканием, текущая позиция стола -77500
05:35:53 Старт прожига
05:35:53 -77530 973 Прожиг
05:37:09 Отсыпка слоя c опусканием, текущая позиция стола -77530
05:37:18 Старт прожига
05:37:19 -77560 974 Прожиг
05:38:32 Отсыпка слоя c опусканием, текущая позиция стола -77560
05:38:41 Старт прожига
05:38:41 -77590 975 Прожиг
05:39:56 Отсыпка слоя c опусканием, текущая позиция стола -77590
05:40:05 Старт прожига
05:40:05 -77620 976 Прожиг
05:41:20 Отсыпка слоя c опусканием, текущая позиция стола -77620
05:41:29 Старт прожига
05:41:29 -77649 977 Прожиг
05:42:43 Отсыпка слоя c опусканием, текущая позиция стола -77650
05:42:52 Старт прожига
05:42:52 -77679 978 Прожиг
05:44:07 Отсыпка слоя c опусканием, текущая позиция стола -77679
05:44:16 Старт прожига
05:44:16 -77710 979 Прожиг
05:45:32 Отсыпка слоя c опусканием, текущая позиция стола -77710
05:45:41 Старт прожига
05:45:41 -77740 980 Прожиг
05:46:55 Отсыпка слоя c опусканием, текущая позиция стола -77740
05:47:04 Старт прожига
05:47:04 -77770 981 Прожиг
05:48:19 Отсыпка слоя c опусканием, текущая позиция стола -77770
05:48:28 Старт прожига
05:48:29 -77800 982 Прожиг
05:49:42 Отсыпка слоя c опусканием, текущая позиция стола -77800
05:49:51 Старт прожига
05:49:51 -77830 983 Прожиг
05:51:05 Отсыпка слоя c опусканием, текущая позиция стола -77829
05:51:14 Старт прожига
05:51:14 -77860 984 Прожиг
05:52:30 Отсыпка слоя c опусканием, текущая позиция стола -77860
05:52:39 Старт прожига
05:52:39 -77890 985 Прожиг
05:53:52 Отсыпка слоя c опусканием, текущая позиция стола -77890
05:54:01 Старт прожига
05:54:02 -77919 986 Прожиг
05:55:15 Отсыпка слоя c опусканием, текущая позиция стола -77919
05:55:25 Старт прожига
05:55:25 -77950 987 Прожиг
05:56:38 Отсыпка слоя c опусканием, текущая позиция стола -77950
05:56:48 Старт прожига
05:56:48 -77980 988 Прожиг
05:58:00 Отсыпка слоя c опусканием, текущая позиция стола -77980
05:58:09 Старт прожига
05:58:09 -78010 989 Прожиг
05:59:23 Отсыпка слоя c опусканием, текущая позиция стола -78009
05:59:32 Старт прожига
05:59:32 -78040 990 Прожиг
06:00:43 Отсыпка слоя c опусканием, текущая позиция стола -78040
06:00:53 Старт прожига
06:00:53 -78070 991 Прожиг
06:02:05 Отсыпка слоя c опусканием, текущая позиция стола -78069
06:02:14 Старт прожига
06:02:14 -78100 992 Прожиг
06:03:28 Отсыпка слоя c опусканием, текущая позиция стола -78100
06:03:37 Старт прожига
06:03:37 -78130 993 Прожиг
06:04:48 Отсыпка слоя c опусканием, текущая позиция стола -78130
06:04:57 Старт прожига
06:04:57 -78160 994 Прожиг
06:06:11 Отсыпка слоя c опусканием, текущая позиция стола -78160
06:06:20 Старт прожига
06:06:20 -78190 995 Прожиг
06:07:34 Отсыпка слоя c опусканием, текущая позиция стола -78190
06:07:43 Старт прожига
06:07:43 -78220 996 Прожиг
06:08:54 Отсыпка слоя c опусканием, текущая позиция стола -78220
06:09:03 Старт прожига
06:09:03 -78250 997 Прожиг
06:10:17 Отсыпка слоя c опусканием, текущая позиция стола -78250
06:10:26 Старт прожига
06:10:26 -78280 998 Прожиг
06:11:40 Отсыпка слоя c опусканием, текущая позиция стола -78280
06:11:49 Старт прожига
06:11:49 -78309 999 Прожиг
06:13:01 Отсыпка слоя c опусканием, текущая позиция стола -78310
06:13:10 Старт прожига
06:13:10 -78340 1000 Прожиг
06:14:24 Отсыпка слоя c опусканием, текущая позиция стола -78340
06:14:33 Старт прожига
06:14:33 -78370 1001 Прожиг
06:15:44 Отсыпка слоя c опусканием, текущая позиция стола -78370
06:15:53 Старт прожига
06:15:54 -78400 1002 Прожиг
06:17:08 Отсыпка слоя c опусканием, текущая позиция стола -78400
06:17:17 Старт прожига
06:17:17 -78430 1003 Прожиг
06:18:33 Отсыпка слоя c опусканием, текущая позиция стола -78430
06:18:43 Старт прожига
06:18:43 -78460 1004 Прожиг
06:19:56 Отсыпка слоя c опусканием, текущая позиция стола -78460
06:20:05 Старт прожига
06:20:05 -78490 1005 Прожиг
06:21:20 Отсыпка слоя c опусканием, текущая позиция стола -78490
06:21:29 Старт прожига
06:21:29 -78520 1006 Прожиг
06:22:45 Отсыпка слоя c опусканием, текущая позиция стола -78520
06:22:54 Старт прожига
06:22:54 -78550 1007 Прожиг
06:24:07 Отсыпка слоя c опусканием, текущая позиция стола -78550
06:24:16 Старт прожига
06:24:17 -78580 1008 Прожиг
06:25:32 Отсыпка слоя c опусканием, текущая позиция стола -78579
06:25:41 Старт прожига
06:25:41 -78610 1009 Прожиг
06:26:56 Отсыпка слоя c опусканием, текущая позиция стола -78610
06:27:05 Старт прожига
06:27:05 -78640 1010 Прожиг
06:28:19 Отсыпка слоя c опусканием, текущая позиция стола -78640
06:28:28 Старт прожига
06:28:28 -78670 1011 Прожиг
06:29:43 Отсыпка слоя c опусканием, текущая позиция стола -78670
06:29:53 Старт прожига
06:29:53 -78700 1012 Прожиг
06:31:06 Отсыпка слоя c опусканием, текущая позиция стола -78700
06:31:15 Старт прожига
06:31:15 -78730 1013 Прожиг
06:32:29 Отсыпка слоя c опусканием, текущая позиция стола -78730
06:32:38 Старт прожига
06:32:39 -78760 1014 Прожиг
06:33:54 Отсыпка слоя c опусканием, текущая позиция стола -78760
06:34:04 Старт прожига
06:34:04 -78790 1015 Прожиг
06:35:17 Отсыпка слоя c опусканием, текущая позиция стола -78790
06:35:26 Старт прожига
06:35:26 -78818 1016 Прожиг
06:36:42 Отсыпка слоя c опусканием, текущая позиция стола -78820
06:36:51 Старт прожига
06:36:51 -78850 1017 Прожиг
06:38:06 Отсыпка слоя c опусканием, текущая позиция стола -78850
06:38:15 Старт прожига
06:38:15 -78880 1018 Прожиг
06:39:29 Отсыпка слоя c опусканием, текущая позиция стола -78880
06:39:38 Старт прожига
06:39:38 -78910 1019 Прожиг
06:40:53 Отсыпка слоя c опусканием, текущая позиция стола -78910
06:41:03 Старт прожига
06:41:03 -78939 1020 Прожиг
06:42:16 Отсыпка слоя c опусканием, текущая позиция стола -78940
06:42:26 Старт прожига
06:42:26 -78970 1021 Прожиг
06:43:40 Отсыпка слоя c опусканием, текущая позиция стола -78970
06:43:49 Старт прожига
06:43:49 -79000 1022 Прожиг
06:45:06 Отсыпка слоя c опусканием, текущая позиция стола -79000
06:45:15 Старт прожига
06:45:15 -79030 1023 Прожиг
06:46:28 Отсыпка слоя c опусканием, текущая позиция стола -79030
06:46:37 Старт прожига
06:46:37 -79060 1024 Прожиг
06:47:53 Отсыпка слоя c опусканием, текущая позиция стола -79060
06:48:02 Старт прожига
06:48:02 -79090 1025 Прожиг
06:49:19 Отсыпка слоя c опусканием, текущая позиция стола -79090
06:49:28 Старт прожига
06:49:28 -79120 1026 Прожиг
06:50:41 Отсыпка слоя c опусканием, текущая позиция стола -79120
06:50:50 Старт прожига
06:50:50 -79150 1027 Прожиг
06:52:06 Отсыпка слоя c опусканием, текущая позиция стола -79150
06:52:15 Старт прожига
06:52:15 -79180 1028 Прожиг
06:53:31 Отсыпка слоя c опусканием, текущая позиция стола -79180
06:53:40 Старт прожига
06:53:40 -79210 1029 Прожиг
06:54:53 Отсыпка слоя c опусканием, текущая позиция стола -79210
06:55:02 Старт прожига
06:55:02 -79239 1030 Прожиг
06:56:18 Отсыпка слоя c опусканием, текущая позиция стола -79240
06:56:27 Старт прожига
06:56:27 -79270 1031 Прожиг
06:57:40 Отсыпка слоя c опусканием, текущая позиция стола -79270
06:57:49 Старт прожига
06:57:49 -79300 1032 Прожиг
06:59:02 Отсыпка слоя c опусканием, текущая позиция стола -79300
06:59:11 Старт прожига
06:59:11 -79330 1033 Прожиг
07:00:28 Отсыпка слоя c опусканием, текущая позиция стола -79330
07:00:37 Старт прожига
07:00:37 -79360 1034 Прожиг
07:01:49 Отсыпка слоя c опусканием, текущая позиция стола -79360
07:01:58 Старт прожига
07:01:58 -79390 1035 Прожиг
07:03:14 Отсыпка слоя c опусканием, текущая позиция стола -79390
07:03:23 Старт прожига
07:03:23 -79420 1036 Прожиг
07:04:39 Отсыпка слоя c опусканием, текущая позиция стола -79420
07:04:48 Старт прожига
07:04:48 -79449 1037 Прожиг
07:06:01 Отсыпка слоя c опусканием, текущая позиция стола -79450
07:06:10 Старт прожига
07:06:10 -79480 1038 Прожиг
07:07:25 Отсыпка слоя c опусканием, текущая позиция стола -79480
07:07:34 Старт прожига
07:07:35 -79509 1039 Прожиг
07:08:50 Отсыпка слоя c опусканием, текущая позиция стола -79510
07:08:59 Старт прожига
07:08:59 -79540 1040 Прожиг
07:10:12 Отсыпка слоя c опусканием, текущая позиция стола -79540
07:10:21 Старт прожига
07:10:21 -79570 1041 Прожиг
07:11:37 Отсыпка слоя c опусканием, текущая позиция стола -79570
07:11:46 Старт прожига
07:11:46 -79600 1042 Прожиг
07:12:58 Отсыпка слоя c опусканием, текущая позиция стола -79600
07:13:07 Старт прожига
07:13:07 -79630 1043 Прожиг
07:14:20 Отсыпка слоя c опусканием, текущая позиция стола -79630
07:14:30 Старт прожига
07:14:30 -79659 1044 Прожиг
07:15:44 Отсыпка слоя c опусканием, текущая позиция стола -79659
07:15:53 Старт прожига
07:15:53 -79690 1045 Прожиг
07:17:03 Отсыпка слоя c опусканием, текущая позиция стола -79690
07:17:12 Старт прожига
07:17:12 -79720 1046 Прожиг
07:18:25 Отсыпка слоя c опусканием, текущая позиция стола -79720
07:18:35 Старт прожига
07:18:35 -79750 1047 Прожиг
07:19:48 Отсыпка слоя c опусканием, текущая позиция стола -79750
07:19:57 Старт прожига
07:19:57 -79779 1048 Прожиг
07:21:07 Отсыпка слоя c опусканием, текущая позиция стола -79779
07:21:16 Старт прожига
07:21:16 -79810 1049 Прожиг
07:22:30 Отсыпка слоя c опусканием, текущая позиция стола -79810
07:22:39 Старт прожига
07:22:39 -79840 1050 Прожиг
07:23:49 Отсыпка слоя c опусканием, текущая позиция стола -79840
07:23:58 Старт прожига
07:23:58 -79870 1051 Прожиг
07:25:09 Отсыпка слоя c опусканием, текущая позиция стола -79870
07:25:18 Старт прожига
07:25:18 -79900 1052 Прожиг
07:26:32 Отсыпка слоя c опусканием, текущая позиция стола -79900
07:26:41 Старт прожига
07:26:41 -79930 1053 Прожиг
07:27:51 Отсыпка слоя c опусканием, текущая позиция стола -79930
07:28:00 Старт прожига
07:28:00 -79960 1054 Прожиг
07:29:13 Отсыпка слоя c опусканием, текущая позиция стола -79960
07:29:22 Старт прожига
07:29:22 -79990 1055 Прожиг
07:30:36 Отсыпка слоя c опусканием, текущая позиция стола -79990
07:30:45 Старт прожига
07:30:45 -80020 1056 Прожиг
07:31:55 Отсыпка слоя c опусканием, текущая позиция стола -80020
07:32:04 Старт прожига
07:32:04 -80050 1057 Прожиг
07:33:17 Отсыпка слоя c опусканием, текущая позиция стола -80050
07:33:26 Старт прожига
07:33:26 -80080 1058 Прожиг
07:34:39 Отсыпка слоя c опусканием, текущая позиция стола -80080
07:34:48 Старт прожига
07:34:48 -80110 1059 Прожиг
07:35:59 Отсыпка слоя c опусканием, текущая позиция стола -80110
07:36:08 Старт прожига
07:36:08 -80140 1060 Прожиг
07:37:23 Отсыпка слоя c опусканием, текущая позиция стола -80140
07:37:32 Старт прожига
07:37:32 -80170 1061 Прожиг
07:38:43 Отсыпка слоя c опусканием, текущая позиция стола -80170
07:38:53 Старт прожига
07:38:53 -80200 1062 Прожиг
07:40:05 Отсыпка слоя c опусканием, текущая позиция стола -80200
07:40:14 Старт прожига
07:40:14 -80230 1063 Прожиг
07:41:29 Отсыпка слоя c опусканием, текущая позиция стола -80229
07:41:40 Старт прожига
07:41:40 -80260 1064 Прожиг
07:42:51 Отсыпка слоя c опусканием, текущая позиция стола -80260
07:43:01 Старт прожига
07:43:01 -80290 1065 Прожиг
07:44:16 Отсыпка слоя c опусканием, текущая позиция стола -80290
07:44:25 Старт прожига
07:44:25 -80320 1066 Прожиг
07:45:40 Отсыпка слоя c опусканием, текущая позиция стола -80320
07:45:49 Старт прожига
07:45:49 -80350 1067 Прожиг
07:47:01 Отсыпка слоя c опусканием, текущая позиция стола -80350
07:47:10 Старт прожига
07:47:10 -80380 1068 Прожиг
07:48:24 Отсыпка слоя c опусканием, текущая позиция стола -80380
07:48:33 Старт прожига
07:48:34 -80410 1069 Прожиг
07:49:49 Отсыпка слоя c опусканием, текущая позиция стола -80410
07:49:59 Старт прожига
07:49:59 -80440 1070 Прожиг
07:51:11 Отсыпка слоя c опусканием, текущая позиция стола -80440
07:51:20 Старт прожига
07:51:20 -80470 1071 Прожиг
07:52:35 Отсыпка слоя c опусканием, текущая позиция стола -80470
07:52:45 Старт прожига
07:52:45 -80500 1072 Прожиг
07:53:56 Отсыпка слоя c опусканием, текущая позиция стола -80499
07:54:06 Старт прожига
07:54:06 -80530 1073 Прожиг
07:55:18 Отсыпка слоя c опусканием, текущая позиция стола -80530
07:55:28 Старт прожига
07:55:28 -80560 1074 Прожиг
07:56:43 Отсыпка слоя c опусканием, текущая позиция стола -80560
07:56:52 Старт прожига
07:56:53 -80590 1075 Прожиг
07:58:03 Отсыпка слоя c опусканием, текущая позиция стола -80590
07:58:12 -80620 1076 Прожиг
07:59:27 Отсыпка слоя c опусканием, текущая позиция стола -80620
07:59:36 Старт прожига
07:59:36 -80649 1077 Прожиг
08:00:51 Отсыпка слоя c опусканием, текущая позиция стола -80650
08:01:00 Старт прожига
08:01:00 -80680 1078 Прожиг
08:02:10 Отсыпка слоя c опусканием, текущая позиция стола -80680
08:02:21 Старт прожига
08:02:21 -80710 1079 Прожиг
08:03:35 Отсыпка слоя c опусканием, текущая позиция стола -80710
08:03:44 Старт прожига
08:03:44 -80738 1080 Прожиг
08:04:55 Отсыпка слоя c опусканием, текущая позиция стола -80739
08:05:04 Старт прожига
08:05:04 -80770 1081 Прожиг
08:06:16 Отсыпка слоя c опусканием, текущая позиция стола -80770
08:06:26 Старт прожига
08:06:26 -80800 1082 Прожиг
08:07:41 Отсыпка слоя c опусканием, текущая позиция стола -80800
08:07:51 Старт прожига
08:07:51 -80830 1083 Прожиг
08:09:01 Отсыпка слоя c опусканием, текущая позиция стола -80830
08:09:11 Старт прожига
08:09:11 -80860 1084 Прожиг
08:10:24 Отсыпка слоя c опусканием, текущая позиция стола -80860
08:10:34 Старт прожига
08:10:34 -80890 1085 Прожиг
08:11:49 Отсыпка слоя c опусканием, текущая позиция стола -80890
08:11:58 Старт прожига
08:11:58 -80920 1086 Прожиг
08:13:08 Отсыпка слоя c опусканием, текущая позиция стола -80920
08:13:17 Старт прожига
08:13:18 -80950 1087 Прожиг
08:14:31 Отсыпка слоя c опусканием, текущая позиция стола -80950
08:14:40 Старт прожига
08:14:40 -80980 1088 Прожиг
08:15:56 Отсыпка слоя c опусканием, текущая позиция стола -80980
08:16:05 Старт прожига
08:16:05 -81010 1089 Прожиг
08:17:16 Отсыпка слоя c опусканием, текущая позиция стола -81010
08:17:25 Старт прожига
08:17:25 -81040 1090 Прожиг
08:18:39 Отсыпка слоя c опусканием, текущая позиция стола -81040
08:18:48 Старт прожига
08:18:48 -81070 1091 Прожиг
08:19:59 Отсыпка слоя c опусканием, текущая позиция стола -81070
08:20:08 Старт прожига
08:20:08 -81100 1092 Прожиг
08:21:20 Отсыпка слоя c опусканием, текущая позиция стола -81100
08:21:29 Старт прожига
08:21:29 -81130 1093 Прожиг
08:22:44 Отсыпка слоя c опусканием, текущая позиция стола -81130
08:22:53 Старт прожига
08:22:53 -81160 1094 Прожиг
08:24:03 Отсыпка слоя c опусканием, текущая позиция стола -81160
08:24:12 Старт прожига
08:24:12 -81190 1095 Прожиг
08:25:26 Отсыпка слоя c опусканием, текущая позиция стола -81190
08:25:35 Старт прожига
08:25:35 -81220 1096 Прожиг
08:26:50 Отсыпка слоя c опусканием, текущая позиция стола -81220
08:27:00 Старт прожига
08:27:00 -81250 1097 Прожиг
08:28:10 Отсыпка слоя c опусканием, текущая позиция стола -81250
08:28:19 Старт прожига
08:28:19 -81280 1098 Прожиг
08:29:33 Отсыпка слоя c опусканием, текущая позиция стола -81279
08:29:42 Старт прожига
08:29:42 -81310 1099 Прожиг
08:30:58 Отсыпка слоя c опусканием, текущая позиция стола -81310
08:31:07 Старт прожига
08:31:07 -81340 1100 Прожиг
08:32:17 Отсыпка слоя c опусканием, текущая позиция стола -81339
08:32:26 Старт прожига
08:32:27 -81370 1101 Прожиг
08:33:41 Отсыпка слоя c опусканием, текущая позиция стола -81370
08:33:50 Старт прожига
08:33:51 -81400 1102 Прожиг
08:34:59 Отсыпка слоя c опусканием, текущая позиция стола -81400
08:35:08 Старт прожига
08:35:08 -81430 1103 Прожиг
08:36:18 Отсыпка слоя c опусканием, текущая позиция стола -81430
08:36:27 Старт прожига
08:36:28 -81460 1104 Прожиг
08:37:41 Отсыпка слоя c опусканием, текущая позиция стола -81460
08:37:50 -81490 1105 Прожиг
08:38:58 Отсыпка слоя c опусканием, текущая позиция стола -81490
08:39:07 Старт прожига
08:39:08 -81520 1106 Прожиг
08:40:20 Отсыпка слоя c опусканием, текущая позиция стола -81520
08:40:29 Старт прожига
08:40:29 -81550 1107 Прожиг
08:41:43 Отсыпка слоя c опусканием, текущая позиция стола -81550
08:41:52 Старт прожига
08:41:52 -81580 1108 Прожиг
08:43:00 Отсыпка слоя c опусканием, текущая позиция стола -81580
08:43:09 Старт прожига
08:43:09 -81610 1109 Прожиг
08:44:22 Отсыпка слоя c опусканием, текущая позиция стола -81610
08:44:31 Старт прожига
08:44:31 -81640 1110 Прожиг
08:45:39 Отсыпка слоя c опусканием, текущая позиция стола -81640
08:45:48 Старт прожига
08:45:49 -81670 1111 Прожиг
08:46:58 Отсыпка слоя c опусканием, текущая позиция стола -81670
08:47:07 Старт прожига
08:47:07 -81700 1112 Прожиг
08:48:19 Отсыпка слоя c опусканием, текущая позиция стола -81700
08:48:29 Старт прожига
08:48:29 -81730 1113 Прожиг
08:49:37 Отсыпка слоя c опусканием, текущая позиция стола -81730
08:49:46 Старт прожига
08:49:46 -81760 1114 Прожиг
08:50:57 Отсыпка слоя c опусканием, текущая позиция стола -81760
08:51:06 Старт прожига
08:51:06 -81790 1115 Прожиг
08:52:19 Отсыпка слоя c опусканием, текущая позиция стола -81790
08:52:28 Старт прожига
08:52:29 -81820 1116 Прожиг
08:53:36 Отсыпка слоя c опусканием, текущая позиция стола -81820
08:53:46 Старт прожига
08:53:46 -81850 1117 Прожиг
08:54:57 Отсыпка слоя c опусканием, текущая позиция стола -81850
08:55:06 Старт прожига
08:55:06 -81880 1118 Прожиг
08:56:22 Отсыпка слоя c опусканием, текущая позиция стола -81880
08:56:31 Старт прожига
08:56:31 -81910 1119 Прожиг
08:57:41 Отсыпка слоя c опусканием, текущая позиция стола -81910
08:57:50 Старт прожига
08:57:50 -81940 1120 Прожиг
08:59:04 Отсыпка слоя c опусканием, текущая позиция стола -81940
08:59:13 Старт прожига
08:59:13 -81970 1121 Прожиг
09:00:22 Отсыпка слоя c опусканием, текущая позиция стола -81970
09:00:32 Старт прожига
09:00:32 -82000 1122 Прожиг
09:01:42 Отсыпка слоя c опусканием, текущая позиция стола -82000
09:01:52 Старт прожига
09:01:52 -82028 1123 Прожиг
09:03:06 Отсыпка слоя c опусканием, текущая позиция стола -82029
09:03:15 Старт прожига
09:03:15 -82060 1124 Прожиг
09:04:24 Отсыпка слоя c опусканием, текущая позиция стола -82060
09:04:33 Старт прожига
09:04:33 -82090 1125 Прожиг
09:05:47 Отсыпка слоя c опусканием, текущая позиция стола -82090
09:05:56 Старт прожига
09:05:56 -82120 1126 Прожиг
09:07:11 Отсыпка слоя c опусканием, текущая позиция стола -82120
09:07:20 Старт прожига
09:07:20 -82150 1127 Прожиг
09:08:29 Отсыпка слоя c опусканием, текущая позиция стола -82150
09:08:38 Старт прожига
09:08:39 -82180 1128 Прожиг
09:09:51 Отсыпка слоя c опусканием, текущая позиция стола -82180
09:10:01 Старт прожига
09:10:01 -82210 1129 Прожиг
09:11:16 Отсыпка слоя c опусканием, текущая позиция стола -82210
09:11:25 Старт прожига
09:11:25 -82240 1130 Прожиг
09:12:36 Отсыпка слоя c опусканием, текущая позиция стола -82240
09:12:45 Старт прожига
09:12:45 -82270 1131 Прожиг
09:13:58 Отсыпка слоя c опусканием, текущая позиция стола -82270
09:14:08 Старт прожига
09:14:08 -82299 1132 Прожиг
09:15:17 Отсыпка слоя c опусканием, текущая позиция стола -82300
09:15:26 Старт прожига
09:15:26 -82330 1133 Прожиг
09:16:37 Отсыпка слоя c опусканием, текущая позиция стола -82330
09:16:46 Старт прожига
09:16:46 -82360 1134 Прожиг
09:18:01 Отсыпка слоя c опусканием, текущая позиция стола -82360
09:18:10 Старт прожига
09:18:10 -82390 1135 Прожиг
09:19:18 Отсыпка слоя c опусканием, текущая позиция стола -82390
09:19:27 Старт прожига
09:19:27 -82420 1136 Прожиг
09:20:40 Отсыпка слоя c опусканием, текущая позиция стола -82420
09:20:50 Старт прожига
09:20:50 -82449 1137 Прожиг
09:22:05 Отсыпка слоя c опусканием, текущая позиция стола -82450
09:22:14 Старт прожига
09:22:14 -82480 1138 Прожиг
09:23:23 Отсыпка слоя c опусканием, текущая позиция стола -82480
09:23:32 Старт прожига
09:23:32 -82510 1139 Прожиг
09:24:45 Отсыпка слоя c опусканием, текущая позиция стола -82510
09:24:54 Старт прожига
09:24:54 -82539 1140 Прожиг
09:26:04 Отсыпка слоя c опусканием, текущая позиция стола -82540
09:26:13 Старт прожига
09:26:13 -82570 1141 Прожиг
09:27:22 Отсыпка слоя c опусканием, текущая позиция стола -82570
09:27:32 Старт прожига
09:27:32 -82600 1142 Прожиг
09:28:45 Отсыпка слоя c опусканием, текущая позиция стола -82600
09:28:55 Старт прожига
09:28:55 -82629 1143 Прожиг
09:30:03 Отсыпка слоя c опусканием, текущая позиция стола -82630
09:30:12 Старт прожига
09:30:12 -82660 1144 Прожиг
09:31:25 Отсыпка слоя c опусканием, текущая позиция стола -82660
09:31:34 Старт прожига
09:31:34 -82690 1145 Прожиг
09:32:48 Отсыпка слоя c опусканием, текущая позиция стола -82690
09:32:57 Старт прожига
09:32:57 -82720 1146 Прожиг
09:34:06 Отсыпка слоя c опусканием, текущая позиция стола -82720
09:34:15 Старт прожига
09:34:15 -82750 1147 Прожиг
09:35:27 Отсыпка слоя c опусканием, текущая позиция стола -82750
09:35:36 Старт прожига
09:35:36 -82779 1148 Прожиг
09:36:51 Отсыпка слоя c опусканием, текущая позиция стола -82780
09:37:00 Старт прожига
09:37:00 -82810 1149 Прожиг
09:38:09 Отсыпка слоя c опусканием, текущая позиция стола -82810
09:38:18 Старт прожига
09:38:18 -82840 1150 Прожиг
09:39:31 Отсыпка слоя c опусканием, текущая позиция стола -82840
09:39:42 Старт прожига
09:39:42 -82869 1151 Прожиг
09:40:51 Отсыпка слоя c опусканием, текущая позиция стола -82870
09:41:00 Старт прожига
09:41:00 -82900 1152 Прожиг
09:42:10 Отсыпка слоя c опусканием, текущая позиция стола -82900
09:42:19 Старт прожига
09:42:19 -82930 1153 Прожиг
09:43:33 Отсыпка слоя c опусканием, текущая позиция стола -82930
09:43:42 Старт прожига
09:43:42 -82960 1154 Прожиг
09:44:51 Отсыпка слоя c опусканием, текущая позиция стола -82960
09:45:00 Старт прожига
09:45:00 -82990 1155 Прожиг
09:46:12 Отсыпка слоя c опусканием, текущая позиция стола -82990
09:46:21 Старт прожига
09:46:21 -83020 1156 Прожиг
09:47:36 Отсыпка слоя c опусканием, текущая позиция стола -83020
09:47:45 Старт прожига
09:47:45 -83049 1157 Прожиг
09:48:53 Отсыпка слоя c опусканием, текущая позиция стола -83050
09:49:03 Старт прожига
09:49:03 -83080 1158 Прожиг
09:50:15 Отсыпка слоя c опусканием, текущая позиция стола -83080
09:50:24 Старт прожига
09:50:24 -83110 1159 Прожиг
09:51:39 Отсыпка слоя c опусканием, текущая позиция стола -83110
09:51:48 Старт прожига
09:51:48 -83140 1160 Прожиг
09:52:56 Отсыпка слоя c опусканием, текущая позиция стола -83140
09:53:05 Старт прожига
09:53:05 -83170 1161 Прожиг
09:54:16 Отсыпка слоя c опусканием, текущая позиция стола -83170
09:54:25 Старт прожига
09:54:25 -83199 1162 Прожиг
09:55:32 Отсыпка слоя c опусканием, текущая позиция стола -83200
09:55:41 Старт прожига
09:55:41 -83230 1163 Прожиг
09:56:49 Отсыпка слоя c опусканием, текущая позиция стола -83230
09:56:58 Старт прожига
09:56:58 -83260 1164 Прожиг
09:58:10 Отсыпка слоя c опусканием, текущая позиция стола -83260
09:58:19 Старт прожига
09:58:19 -83290 1165 Прожиг
09:59:26 Отсыпка слоя c опусканием, текущая позиция стола -83290
09:59:35 Старт прожига
09:59:35 -83320 1166 Прожиг
10:00:45 Отсыпка слоя c опусканием, текущая позиция стола -83320
10:00:54 Старт прожига
10:00:54 -83350 1167 Прожиг
10:02:07 Отсыпка слоя c опусканием, текущая позиция стола -83350
10:02:16 Старт прожига
10:02:16 -83380 1168 Прожиг
10:03:23 Отсыпка слоя c опусканием, текущая позиция стола -83379
10:03:32 Старт прожига
10:03:32 -83410 1169 Прожиг
10:04:42 Отсыпка слоя c опусканием, текущая позиция стола -83410
10:04:51 Старт прожига
10:04:52 -83439 1170 Прожиг
10:05:58 Отсыпка слоя c опусканием, текущая позиция стола -83440
10:06:07 Старт прожига
10:06:07 -83470 1171 Прожиг
10:07:14 Отсыпка слоя c опусканием, текущая позиция стола -83470
10:07:24 Старт прожига
10:07:24 -83500 1172 Прожиг
10:08:35 Отсыпка слоя c опусканием, текущая позиция стола -83499
10:08:44 Старт прожига
10:08:44 -83529 1173 Прожиг
10:09:50 Отсыпка слоя c опусканием, текущая позиция стола -83529
10:09:59 Старт прожига
10:10:00 -83560 1174 Прожиг
10:11:09 Отсыпка слоя c опусканием, текущая позиция стола -83560
10:11:18 Старт прожига
10:11:18 -83590 1175 Прожиг
10:12:30 Отсыпка слоя c опусканием, текущая позиция стола -83590
10:12:39 Старт прожига
10:12:40 -83620 1176 Прожиг
10:13:47 Отсыпка слоя c опусканием, текущая позиция стола -83620
10:13:56 Старт прожига
10:13:57 -83650 1177 Прожиг
10:15:08 Отсыпка слоя c опусканием, текущая позиция стола -83650
10:15:17 Старт прожига
10:15:17 -83680 1178 Прожиг
10:16:31 Отсыпка слоя c опусканием, текущая позиция стола -83680
10:16:40 Старт прожига
10:16:41 -83710 1179 Прожиг
10:17:49 Отсыпка слоя c опусканием, текущая позиция стола -83710
10:17:58 Старт прожига
10:17:58 -83740 1180 Прожиг
10:19:10 Отсыпка слоя c опусканием, текущая позиция стола -83739
10:19:19 Старт прожига
10:19:20 -83770 1181 Прожиг
10:20:27 Отсыпка слоя c опусканием, текущая позиция стола -83770
10:20:36 Старт прожига
10:20:36 -83800 1182 Прожиг
10:21:45 Отсыпка слоя c опусканием, текущая позиция стола -83800
10:21:55 Старт прожига
10:21:55 -83831 1183 Прожиг
10:23:08 Отсыпка слоя c опусканием, текущая позиция стола -83831
10:23:17 Старт прожига
10:23:17 -83860 1184 Прожиг
10:24:25 Отсыпка слоя c опусканием, текущая позиция стола -83860
10:24:34 Старт прожига
10:24:34 -83889 1185 Прожиг
10:25:45 Отсыпка слоя c опусканием, текущая позиция стола -83890
10:25:54 Старт прожига
10:25:55 -83920 1186 Прожиг
10:27:08 Отсыпка слоя c опусканием, текущая позиция стола -83920
10:27:17 Старт прожига
10:27:18 -83950 1187 Прожиг
10:28:25 Отсыпка слоя c опусканием, текущая позиция стола -83950
10:28:34 Старт прожига
10:28:34 -83980 1188 Прожиг
10:29:45 Отсыпка слоя c опусканием, текущая позиция стола -83980
10:29:55 Старт прожига
10:29:55 -84010 1189 Прожиг
10:31:09 Отсыпка слоя c опусканием, текущая позиция стола -84010
10:31:18 Старт прожига
10:31:18 -84040 1190 Прожиг
10:32:26 Отсыпка слоя c опусканием, текущая позиция стола -84040
10:32:35 Старт прожига
10:32:35 -84070 1191 Прожиг
10:33:48 Отсыпка слоя c опусканием, текущая позиция стола -84070
10:33:57 Старт прожига
10:33:57 -84100 1192 Прожиг
10:35:04 Отсыпка слоя c опусканием, текущая позиция стола -84100
10:35:14 Старт прожига
10:35:14 -84130 1193 Прожиг
10:36:23 Отсыпка слоя c опусканием, текущая позиция стола -84130
10:36:32 Старт прожига
10:36:32 -84160 1194 Прожиг
10:37:45 Отсыпка слоя c опусканием, текущая позиция стола -84160
10:37:55 Старт прожига
10:37:55 -84190 1195 Прожиг
10:39:02 Отсыпка слоя c опусканием, текущая позиция стола -84189
10:39:11 Старт прожига
10:39:11 -84220 1196 Прожиг
10:40:23 Отсыпка слоя c опусканием, текущая позиция стола -84220
10:40:32 Старт прожига
10:40:32 -84250 1197 Прожиг
10:41:46 Отсыпка слоя c опусканием, текущая позиция стола -84250
10:41:56 Старт прожига
10:41:56 -84279 1198 Прожиг
10:43:04 Отсыпка слоя c опусканием, текущая позиция стола -84280
10:43:14 Старт прожига
10:43:14 -84309 1199 Прожиг
10:44:25 Отсыпка слоя c опусканием, текущая позиция стола -84310
10:44:36 Старт прожига
10:44:36 -84340 1200 Прожиг
10:45:43 Отсыпка слоя c опусканием, текущая позиция стола -84340
10:45:52 Старт прожига
10:45:52 -84370 1201 Прожиг
10:47:00 Отсыпка слоя c опусканием, текущая позиция стола -84370
10:47:09 Старт прожига
10:47:09 -84400 1202 Прожиг
10:48:21 Отсыпка слоя c опусканием, текущая позиция стола -84400
10:48:32 Старт прожига
10:48:32 -84430 1203 Прожиг
10:49:39 Отсыпка слоя c опусканием, текущая позиция стола -84430
10:49:48 Старт прожига
10:49:48 -84460 1204 Прожиг
10:50:58 ОШИБКА!
